Site_ID,Name,Account_ID,Capacity_kWp,City,Latitude,Longitude,Installation_Date,Portal,Account_Name
1781309,חי - אשקלון - היכל תרבות,4.0,141.75,Ashkelon,31.6687885,34.5742523,30/08/2020,SolarEdge,
2346651,חי - גפן - אראל חקלאות,4.0,38.7,Gefen,31.740766,34.878563,08/07/2021,SolarEdge,
2469102,חי - הושעיה - בית כנסת מרכזי,4.0,42.75,Hoshaya,32.75968,35.291514,19/09/2021,SolarEdge,
2469075,חי - הושעיה - בית כנסת שמחת אורן,4.0,23.4,Hoshaya,32.7583282,35.2881316,19/09/2021,SolarEdge,
2583352,חי - הושעיה - בני עקיבא,4.0,58.24,Hoshaya,32.7579427,35.295539,22/11/2021,SolarEdge,
2469119,חי - הושעיה - מועדון וחדר חוגים,4.0,40.95,Hoshaya,32.757927,35.295225,19/09/2021,SolarEdge,
2538186,חי - הושעיה - מעון 1,4.0,39.58,Hoshaya,32.7579427,35.295539,27/10/2021,SolarEdge,
2538195,חי - הושעיה - מעון 2,4.0,25.48,Hoshaya,32.7579427,35.295539,27/10/2021,SolarEdge,
1997662,חי - הסתדרות - אשקלון,4.0,42.75,Ashkelon,31.6687885,34.5742523,30/12/2020,SolarEdge,
1953552,חי - הסתדרות - בת ים,4.0,36.0,Bat Yam,32.013186,34.748019,07/12/2020,SolarEdge,
2331107,חי - הסתדרות - גבעתיים,4.0,47.25,Giv'atayim,32.0614296,34.8143391,07/07/2021,SolarEdge,
2331229,חי - הסתדרות - דימונה,4.0,78.3,Dimona,31.0656063,35.0338291,06/07/2021,SolarEdge,
2578057,חי - הסתדרות - חולון,4.0,57.785,Holon,32.015833,34.787384,18/11/2021,SolarEdge,
2468937,חי - הסתדרות - ירוחם,4.0,84.6,Yeruham,30.9865284,34.93356705,18/09/2021,SolarEdge,
1906812,חי - הסתדרות - כרמיאל,4.0,68.4,Karmiel,32.914671,35.292417,08/11/2020,SolarEdge,
1968271,חי - הסתדרות - מודיעין,4.0,99.9,Modi'in-Maccabim-Re'ut,31.890267,35.010397,14/12/2020,SolarEdge,
2344160,חי - הסתדרות - נהריה,4.0,118.35,Nahariya,31.249246,35.083681,07/07/2021,SolarEdge,
2331258,חי - הסתדרות - עכו,4.0,40.5,Acre,32.933052,35.082678,15/07/2021,SolarEdge,
2421726,חי - יאיר עופר מהנדסים,4.0,97.37,Rishon LeTsiyon,32.162413,34.844675,19/08/2021,SolarEdge,
2343930,חי - כסייפה - אורט אבו רביע - אולם ספורט,4.0,88.2,Kuseife,31.249246,35.083681,07/07/2021,SolarEdge,
2421909,חי - כסייפה - אורט אבו רביע - דרום A,4.0,70.2,Kuseife,31.249246,35.083681,19/08/2021,SolarEdge,
2422123,חי - כסייפה - אורט אבו רביע - דרום מרכזי B,4.0,71.1,Kuseife,31.249246,35.083681,19/08/2021,SolarEdge,
2422158,חי - כסייפה - אורט אבו רביע - צפון טכנולוגי D,4.0,70.2,Kuseife,31.249246,35.083681,19/08/2021,SolarEdge,
2422142,חי - כסייפה - אורט אבו רביע - צפון מרכז C,4.0,70.2,Kuseife,31.249246,35.083681,19/08/2021,SolarEdge,
2474446,חי - כסייפה - אל יארמוק,4.0,69.16,Kuseife,31.249246,35.083681,22/09/2021,SolarEdge,
2177219,חי - כסייפה - בהס אבו וואדי,4.0,130.5,Kuseife,31.249246,35.083681,05/04/2021,SolarEdge,
2344101,חי - כסייפה - בהס אלעמל,4.0,103.5,Kuseife,31.249246,35.083681,07/07/2021,SolarEdge,
2202807,חי - כסייפה - בהס אלפארוק,4.0,260.1,Kuseife,31.249246,35.083681,19/04/2021,SolarEdge,
2653427,חי - כסייפה - גן עדן ואלמחבה,4.0,22.5,Kuseife,31.249246,35.083681,05/01/2022,SolarEdge,
2421848,חי - כסייפה - יסודי אבו רביע,4.0,80.1,Kuseife,31.249246,35.083681,19/08/2021,SolarEdge,
2474142,חי - כסייפה - יסודי אלמותנבי (ריוואד),4.0,93.15,Kuseife,31.249246,35.083681,22/09/2021,SolarEdge,
2672343,חי - כסייפה - מסגד,4.0,69.12,Kuseife,31.249246,35.083681,18/01/2022,SolarEdge,
2340894,חי - כסייפה - מקיף אלמותנבי - מבנה A,4.0,65.7,Kseifa,31.249581,35.082868,13/07/2021,SolarEdge,
2340945,חי - כסייפה - מקיף אלמותנבי - מבנה B,4.0,69.3,Kuseife,31.249614,35.084465,13/07/2021,SolarEdge,
2340985,חי - כסייפה - מקיף אלמותנבי - מבנה C,4.0,71.1,Kseifa,31.249581,35.082868,13/07/2021,SolarEdge,
2341000,חי - כסייפה - מקיף אלמותנבי - מבנה D,4.0,71.1,Kuseife,31.248851,35.084359,13/07/2021,SolarEdge,
2051371,חי - כסייפה - רווחה,4.0,70.2,Kuseife,31.249246,35.083681,18/01/2021,SolarEdge,
2165904,חי - כסייפה - תל אלמלח,4.0,93.6,Kuseife,31.249155,35.084092,30/03/2021,SolarEdge,
2822046,חי - להבים - בית ספר יסודי זית,4.0,51.9,Lehavim,31.373835,34.816952,06/04/2022,SolarEdge,
2829074,חי - להבים - בית ספר יסודי רימון,4.0,29.575,Lehavim,31.373835,34.816952,10/04/2022,SolarEdge,
2829085,חי - להבים - בית ספר יסודי שעורה,4.0,49.6,Lehavim,31.373835,34.816952,10/04/2022,SolarEdge,
3047904,חי - להבים - גן טבלן (מועדון),4.0,20.93,Lehavim,31.373835,34.816952,09/08/2022,SolarEdge,
3047874,חי - להבים - מועדון נוער (מתנס),4.0,34.56,Lehavim,31.373835,34.816952,09/08/2022,SolarEdge,
3053908,חי - להבים - מעון נחליאלי,4.0,21.6,Lehavim,31.373835,34.816952,09/08/2022,SolarEdge,
2469066,חי - להבים - קונסרבטוריון,4.0,30.6,Lehavim,31.373926,34.812864,19/09/2021,SolarEdge,
2982851,חי - מצפה רמון - בית ספר רותם,4.0,22.89,Mitzpe Ramon,30.610203,34.801898,04/07/2022,SolarEdge,
2982840,חי - מצפה רמון - גן ישורון,4.0,34.88,Mitzpe Ramon,30.610203,34.801898,04/07/2022,SolarEdge,
2821520,חי - מצפה רמון - גן מוריה וסיני,4.0,18.9,Mitzpe Ramon,30.610203,34.801898,11/04/2022,SolarEdge,
2821325,חי - מצפה רמון - גן צאלון ומורשה,4.0,17.28,Mitzpe Ramon,30.610203,34.801898,11/04/2022,SolarEdge,
2988022,חי - מצפה רמון - גן קשת ורוחמה,4.0,21.6,Mitzpe Ramon,30.610203,34.801898,07/07/2022,SolarEdge,
2821803,חי - מצפה רמון - גן ראשית ואפיקים,4.0,21.25,Mitzpe Ramon,30.610203,34.801898,11/04/2022,SolarEdge,
2829664,חי - מצפה רמון - חטצ מבנה חטיבה,4.0,70.2,Mitzpe Ramon,30.610203,34.801898,11/04/2022,SolarEdge,
2829842,חי - מצפה רמון - חטצ מבנה מנהלה,4.0,122.85,Mitzpe Ramon,30.60717074,34.79677383,11/04/2022,SolarEdge,
2939787,חי - מצפה רמון - טיפת חלב,4.0,27.25,Mitzpe Ramon,30.610203,34.801898,08/06/2022,SolarEdge,
2947724,חי - מצפה רמון - מולטי סנטר,4.0,21.6,Mitzpe Ramon,30.610203,34.801898,12/06/2022,SolarEdge,
2922072,חי - מצפה רמון - מועדון יחידת נוער,4.0,28.42,Mitzpe Ramon,30.610203,34.801898,29/05/2022,SolarEdge,
2991416,חי - מצפה רמון - מופ,4.0,22.68,Mitzpe Ramon,30.610203,34.801898,07/07/2022,SolarEdge,
2904346,חי - מצפה רמון - מרכז יעלים,4.0,38.34,Mitzpe Ramon,30.610203,34.801898,19/05/2022,SolarEdge,
2956133,חי - מצפה רמון - מרכז צעירים,4.0,21.6,Mitzpe Ramon,30.610203,34.801898,16/06/2022,SolarEdge,
2988030,חי - מצפה רמון - מתחם מוזיקה,4.0,38.88,Mitzpe Ramon,30.610203,34.801898,07/07/2022,SolarEdge,
3176418,חי - מצפה רמון - מתנס,4.0,87.2,Mitzpe Ramon,30.610203,34.801898,14/07/2022,SolarEdge,
2421749,חי - סביון - אולם כדור יד,4.0,143.1,Savyon,32.045589,34.876578,19/08/2021,SolarEdge,
2165910,חי - סביון - בהס גני יהודה,4.0,139.5,Savyon,32.0454134,34.8772053,30/03/2021,SolarEdge,
2354150,חי - סביון - בית עלמין,4.0,34.65,Savyon,32.045589,34.876578,13/07/2021,SolarEdge,
2165757,חי - סביון - בית תרבות,4.0,50.4,Savyon,32.045589,34.876578,30/03/2021,SolarEdge,
2165599,חי - סביון - צופים,4.0,30.6,Savyon,32.04391651,34.87755247,30/03/2021,SolarEdge,
2165722,חי - קדומים - בני חיל,4.0,87.3,Kdumim,32.21239,35.157388,30/03/2021,SolarEdge,
2582771,חי - קדומים - נחשון - אולם ספורט בנים גדול,4.0,97.37,Kdumim,32.2137324,35.155674,21/11/2021,SolarEdge,
2582759,חי - קדומים - נחשון - אולם ספורט בנים קטן,4.0,45.5,Kdumim,32.21239,35.157388,10/12/2021,SolarEdge,
1971156,חי - קדומים - נחשון בנות,4.0,85.05,Kdumim,32.21239,35.157388,11/12/2020,SolarEdge,
1971100,חי - קדומים - נחשון בנים,4.0,36.45,Kdumim,32.21239,35.157388,11/12/2020,SolarEdge,
2421836,חי - קדומים - ספרייה,4.0,55.8,Kdumim,32.21239,35.157388,19/08/2021,SolarEdge,
2268848,חי - קדומים - שירת מרים,4.0,33.3,Kdumim,32.2118669,35.1553899,05/12/2022,SolarEdge,
2627526,חי - שוהם - סופרבודי 2,4.0,245.7,Shoham,32.005579,34.958732,16/12/2021,SolarEdge,
2894805,100Kw רמת הנדיב - מערכת,83087.0,64.4,Zikhron Ya'akov,32.5532695,34.945064,15/05/2022,SolarEdge,
3704338,10Kw רמת הנדיב - מערכת,83087.0,10.0,Zikhron Ya'akov,32.5540846,34.9447672,05/06/2023,SolarEdge,
4632517,A בת ים - בית ספר דרכא,83087.0,158.67,Bat Yam,32.01217,34.7490827,26/05/2025,SolarEdge,
4632631,B בת ים - בית ספר דרכא,83087.0,158.67,Bat Yam,32.01217,34.7490827,26/05/2025,SolarEdge,
955843,Dorot TS1,83087.0,3492.72,Dorot,31.507207,34.645725,01/01/2019,SolarEdge,
955840,Dorot TS2,83087.0,3492.72,Dorot,31.507207,34.645725,01/01/2019,SolarEdge,
955328,Dorot TS3,83087.0,3367.98,Dorot,31.507207,34.645725,31/12/2018,SolarEdge,
955319,Dorot TS4,83087.0,3492.72,Dorot,31.507207,34.645725,31/12/2018,SolarEdge,
3805994,Eden - Amital,83087.0,137.67,ירושלים,31.720945,35.223053,19/07/2023,SolarEdge,
3991306,Eden - Bresler,83087.0,124.3,Jerusalem,31.7557997,35.165682,25/10/2023,SolarEdge,
3417229,Eden - Eretz Moriah School,83087.0,73.03,Jerusalem,31.7226104,35.2271919,31/01/2023,SolarEdge,
2941719,Eden - Himelferb North,83087.0,53.69,Jerusalem,31.7670665,35.1811179,09/06/2022,SolarEdge,
2941743,Eden - Himelferb South,83087.0,140.14,Jerusalem,31.7667253,35.1806584,09/06/2022,SolarEdge,
2883620,Eden - Himelferb - sport hall,83087.0,75.33,Jerusalem,31.7670665,35.1811179,09/05/2022,SolarEdge,
3827219,Eden - Horev School,83087.0,158.59,Jerusalem,31.7653072,35.2120399,31/07/2023,SolarEdge,
3907223,Eden - Leon Fishman Center,83087.0,110.0,Jerusalem,31.8150431,35.1951692,12/09/2023,SolarEdge,
3845077,Eden - Omanuiot,83087.0,58.3,Jerusalem,31.7697259,35.2214742,10/08/2023,SolarEdge,
3806146,Eden - Uziel,83087.0,104.64,Jerusalem,31.7800817,35.2097218,20/07/2023,SolarEdge,
802874,Kramim East - Inverters 27 to 55,83087.0,2995.08,Kramim,31.333464,34.917879,09/08/2018,SolarEdge,
802873,Kramim West - Inverters 01 to 26,83087.0,2744.94,Kramim,31.333464,34.917879,09/08/2018,SolarEdge,
4247329,Natbag - Dining Room,83087.0,258.72,Natbag,32.0004465,34.8706095,01/05/2024,SolarEdge,
4247331,Natbag - F44 - מבנה 44,83087.0,454.72,Lod,32.0004465,34.8706095,01/05/2024,SolarEdge,
1406470,Natbag - PS-22 - מבנה 22,83087.0,1395.03,לוד,32.005532,34.8854112,08/12/2019,SolarEdge,
1667735,Natbag - PS-55 - מבנה 5,83087.0,572.32,לוד,32.005532,34.8854112,01/06/2020,SolarEdge,
1406920,Natbag - PS-C - מגדל פיקוח,83087.0,446.76,לוד,32.005532,34.8854112,08/12/2019,SolarEdge,
1406466,Natbag - PS-East - מבנה שירותים מזרח,83087.0,1452.7,לוד,32.005532,34.8854112,08/12/2019,SolarEdge,
818164,Revivim 1 - Inverters 01 to 25,83087.0,2939.64,Revivim,31.045195,34.721086,26/08/2018,SolarEdge,
818162,Revivim 2 - Inverters 26 to 50,83087.0,3014.22,Revivim,31.045195,34.721086,26/08/2018,SolarEdge,
818163,Revivim 3 - Inverters 51 to 75,83087.0,2957.46,Revivim,31.045195,34.721086,26/08/2018,SolarEdge,
818161,Revivim 4 - Inverters 76 to 100,83087.0,2964.06,Revivim,31.045195,34.721086,26/08/2018,SolarEdge,
659579,ROOF 213 - עיר הבהדים,83087.0,100.75,Havat MaShash,31.05866402,34.84542294,07/03/2018,SolarEdge,
659586,ROOF 215 - עיר הבהדים,83087.0,309.4,Eir Habahadim,31.05846175,34.84842462,07/03/2018,SolarEdge,
659596,ROOF 404 - עיר הבהדים,83087.0,61.1,Havat MaShash,31.05899489,34.84841969,07/03/2018,SolarEdge,
659604,ROOF 405 - עיר הבהדים,83087.0,59.475,Havat MaShash,31.05903165,34.84937456,07/03/2018,SolarEdge,
659610,ROOF 601 - עיר הבהדים,83087.0,50.05,Havat MaShash,31.06064001,34.8483875,07/03/2018,SolarEdge,
659639,ROOF 605 A - עיר הבהדים,83087.0,162.825,Havat MaShash,31.05955414,34.84911502,07/03/2018,SolarEdge,
659645,ROOF 605 B - עיר הבהדים,83087.0,94.575,Havat MaShash,31.05954633,34.84972861,07/03/2018,SolarEdge,
659648,ROOF 605 C - עיר הבהדים,83087.0,61.75,Havat MaShash,31.05975771,34.84969642,07/03/2018,SolarEdge,
659623,ROOF 606 - עיר הבהדים,83087.0,93.6,Havat MaShash,31.05984962,34.84826949,07/03/2018,SolarEdge,
659485,ROOF 607 - עיר הבהדים,83087.0,260.975,Havat MaShash,31.05931597,34.85119519,07/03/2018,SolarEdge,
659497,ROOF 608 - עיר הבהדים,83087.0,476.775,Havat MaShash,31.06023563,34.85089805,07/03/2018,SolarEdge,
659507,ROOF 609 - עיר הבהדים,83087.0,360.1,Havat MaShash,31.06122494,34.85012919,07/03/2018,SolarEdge,
659515,ROOF 610 - עיר הבהדים,83087.0,173.875,Havat MaShash,31.06176125,34.8495033,07/03/2018,SolarEdge,
659522,ROOF 611 - עיר הבהדים,83087.0,203.45,Havat MaShash,31.06220831,34.8489061,07/03/2018,SolarEdge,
659527,ROOF 612 - עיר הבהדים,83087.0,99.125,Havat MaShash,31.06100763,34.8482373,07/03/2018,SolarEdge,
659530,ROOF 613 - עיר הבהדים,83087.0,76.05,Havat MaShash,31.06282867,34.84836142,07/03/2018,SolarEdge,
659631,ROOF 615 - עיר הבהדים,83087.0,403.325,Havat MaShash,31.06274462,34.84970715,07/03/2018,SolarEdge,
659540,ROOF 616 - עיר הבהדים,83087.0,317.85,Havat MaShash,31.06201858,34.850544,07/03/2018,SolarEdge,
659546,ROOF 618 - עיר הבהדים,83087.0,85.8,Havat MaShash,31.0613293,34.85126283,07/03/2018,SolarEdge,
659566,ROOF 619 - עיר הבהדים,83087.0,257.4,Israel,31.06061244,34.8517349,07/03/2018,SolarEdge,
835239,Talmei Yaffe - North,83087.0,5571.72,Talmei Yaffe,31.616857,34.612482,11/09/2018,SolarEdge,
834451,Talmei Yaffe - South,83087.0,5502.42,Talmei Yaffe,31.616709,34.612439,11/09/2018,SolarEdge,
2824038,Yehuda Steel MicroMill,83087.0,298.08,Ashdod,31.83869115,34.68180066,01/04/2022,SolarEdge,
967447,אוטומטיקה - מערכת סולארית,83087.0,112.48,Kefar Sava,32.1614979,34.9352554,16/01/2019,SolarEdge,
4564112,אולמי ויטראז - נס ציונה,83087.0,191.54,Ness Ziona,31.9307268,34.7978124,01/03/2025,SolarEdge,
4517637,איי או לוגיק - פארק בר-לב - מערכת סולארית,83087.0,98.21,פארק תעשיות בר-לב,32.90041749,35.19817126,13/01/2025,SolarEdge,
4685644,איילון ביטוח - בת ים,83087.0,66.42,Bat Yam,32.0138666,34.7497904,29/07/2025,SolarEdge,
4680451,איילון ביטוח - חיפה,83087.0,62.115,Haifa,32.83121828,34.97859139,22/07/2025,SolarEdge,
4664391,איילון ביטוח - קרית מוצקין,83087.0,71.34,Kiryat Motzkin,32.8262028,35.0758425,02/07/2025,SolarEdge,
1102725,אלומלייט - מבנה משרדים,83087.0,140.0,Ramat Menashe,32.6169161,35.0753714,08/05/2019,SolarEdge,
4434370,אלפר את מאייר - נס ציונה,83087.0,65.88,Ness Ziona,31.9236391,34.8017376,01/10/2024,SolarEdge,
4890419,אמות b+c,83087.0,200.0,ראש העין,32.10724411,34.96929007,04/06/2026,SolarEdge,
2626119,אמות - באר שבע - גג 1 - בבכום,83087.0,146.88,Be'er Sheva,31.2171072,34.8110436,01/12/2021,SolarEdge,
2626123,אמות - באר שבע - גג 1 - הפיראט האדום,83087.0,146.88,Be'er Sheva,31.2171072,34.8110436,01/01/2023,SolarEdge,
2626125,אמות - באר שבע - גג 1 - כתר פלסטיק,83087.0,97.2,Be'er Sheva,31.2171072,34.8110436,01/12/2021,SolarEdge,
2626117,אמות - באר שבע - גג 1 - ציבורי,83087.0,293.76,Be'er Sheva,31.2171072,34.8110436,01/12/2021,SolarEdge,
2626130,אמות - באר שבע - גג 2 - פרחי השוקולד,83087.0,139.32,Be'er Sheva,31.2447522,34.8125661,01/12/2021,SolarEdge,
2626128,אמות - באר שבע - גג 2 - ציבורי,83087.0,281.88,Be'er Sheva,31.2171072,34.8110436,01/12/2021,SolarEdge,
3009143,אמות - באר שבע - גג 3 - מערכת 1,83087.0,287.28,Be'er Sheva,31.2171072,34.8110436,01/07/2022,SolarEdge,
3009149,אמות - באר שבע - גג 3 - מערכת 2,83087.0,106.92,Be'er Sheva,31.252973,34.791462,01/07/2022,SolarEdge,
2626131,אמות - באר שבע - גג 4,83087.0,36.72,Be'er Sheva,31.2171072,34.8110436,01/12/2021,SolarEdge,
4066564,אמות - כרמיאל - מקס סטוק מיי סנטר,83087.0,144.97,Karmiel,32.9268521,35.3259633,01/06/2024,SolarEdge,
4706568,אמות - צריפין - פליינג קרגו,83087.0,699.87,ראשון לציון,31.9638968,34.8490469,25/08/2025,SolarEdge,
1581024,אשדוד - בהס אופק,83087.0,88.695,Ashdod,31.7761809,34.6377782,01/04/2020,SolarEdge,
1584105,אשדוד - בהס אורות - דרום,83087.0,44.55,Ashdod,31.7761292,34.6376501,01/04/2020,SolarEdge,
1581047,אשדוד - בהס אורות - מרכזי,83087.0,44.145,Ashdod,31.7761809,34.6377782,01/04/2020,SolarEdge,
1584104,אשדוד - בהס אורות - צפון,83087.0,44.145,Ashdod,31.7761809,34.6377782,01/04/2020,SolarEdge,
1588894,אשדוד - בהס אמירים,83087.0,90.72,Ashdod,31.7796764,34.6490852,01/04/2020,SolarEdge,
4657513,אשדוד - בהס אמית,83087.0,93.22,Ashdod,31.8056781,34.6599133,25/06/2025,SolarEdge,
4682845,אשדוד - בהס ארזים - PV1,83087.0,95.94,Ashdod,31.79752986,34.64297151,24/07/2025,SolarEdge,
4658492,אשדוד - בהס גוונים,83087.0,120.36,Ashdod,31.7704342,34.6397663,26/06/2025,SolarEdge,
1607840,אשדוד - בהס הקריה,83087.0,63.99,Ashdod,31.7902014,34.6472265,01/05/2020,SolarEdge,
2106615,אשדוד - בהס מקיף ה,83087.0,207.9,Ashdod,31.7887577,34.6517322,01/03/2021,SolarEdge,
1607780,אשדוד - בהס מקיף ט - דרום,83087.0,44.55,Ashdod,31.7799223,34.6357663,01/05/2020,SolarEdge,
1607771,אשדוד - בהס מקיף ט - מרכז,83087.0,44.55,Ashdod,31.7799223,34.6357663,01/05/2020,SolarEdge,
1607797,אשדוד - בהס מקיף ט - צפון,83087.0,44.55,Ashdod,31.7799223,34.6357663,01/05/2020,SolarEdge,
1746552,אשדוד - בהס מקיף י,83087.0,68.85,Ashdod,31.782637,34.6346166,01/08/2020,SolarEdge,
1608233,אשדוד - בהס מקיף יא - מזרח,83087.0,68.04,Ashdod,31.7667526,34.6310272,01/05/2020,SolarEdge,
1608246,אשדוד - בהס מקיף יא - צפון,83087.0,79.38,Ashdod,31.766591,34.6308036,01/05/2020,SolarEdge,
1607732,אשדוד - בהס נוף ים A,83087.0,74.52,Ashdod,31.780287,34.6305174,01/05/2020,SolarEdge,
1607759,אשדוד - בהס נוף ים B,83087.0,34.02,Ashdod,31.780415,34.6310229,01/05/2020,SolarEdge,
2106612,אשדוד - בהס צמח א,83087.0,162.9,Ashdod,31.7888145,34.6508088,01/01/2023,SolarEdge,
4108101,אשדוד - בהס צמח א - אולם ספורט,83087.0,44.1,Ashdod,31.78873175,34.6508699,01/01/2024,SolarEdge,
1639764,אשדוד - בהס קשת - דרום,83087.0,59.94,Ashdod,31.7812354,34.641392,01/05/2020,SolarEdge,
1639755,אשדוד - בהס קשת - מזרח,83087.0,59.94,Ashdod,31.7812354,34.641392,01/05/2020,SolarEdge,
1639784,אשדוד - בהס קשת - מערב,83087.0,45.36,Ashdod,31.7812354,34.641392,01/05/2020,SolarEdge,
1588867,אשדוד - בהס רבין,83087.0,78.975,Ashdod,31.7720366,34.6325516,01/04/2020,SolarEdge,
1608205,אשדוד - בהס רימונים - דרום,83087.0,38.88,Ashdod,31.7693194,34.6368296,01/05/2020,SolarEdge,
1608162,אשדוד - בהס רימונים - מרכז,83087.0,27.54,Ashdod,31.7693194,34.6368296,01/05/2020,SolarEdge,
1608184,אשדוד - בהס רימונים - צפון,83087.0,26.73,Ashdod,31.7693194,34.6368296,01/05/2020,SolarEdge,
2106628,אשדוד - בהס רננים,83087.0,94.05,Ashdod,31.7959158,34.6462867,01/03/2021,SolarEdge,
1635804,אשדוד - בהס רתמים - דרום,83087.0,37.26,Ashdod,31.7763406,34.6476675,27/05/2020,SolarEdge,
1635878,אשדוד - בהס רתמים - מזרח,83087.0,22.68,Ashdod,31.7767432,34.6476809,27/05/2020,SolarEdge,
1639746,אשדוד - בהס רתמים - מערב,83087.0,22.68,Ashdod,31.7765054,34.6473685,01/05/2020,SolarEdge,
4658348,אשדוד - בהס שחקים,83087.0,112.1,Ashdod,31.7742095,34.6302446,26/06/2025,SolarEdge,
2106632,אשדוד - בהס שיקמים (תפארת נחמיה),83087.0,91.8,Ashdod,31.7951759,34.6558658,01/03/2021,SolarEdge,
1611113,אשדוד - בהס שירת הים - דרום,83087.0,45.36,Ashdod,31.7695502,34.6227256,01/05/2020,SolarEdge,
1611124,אשדוד - בהס שירת הים - צפון,83087.0,44.55,Ashdod,31.7695502,34.6227256,01/05/2020,SolarEdge,
1611106,אשדוד - בהס שקד - דרום,83087.0,37.26,Ashdod,31.7796527,34.6429696,01/05/2020,SolarEdge,
1611101,אשדוד - בהס שקד - מרכז,83087.0,22.68,Ashdod,31.7796527,34.6429696,01/05/2020,SolarEdge,
1611109,אשדוד - בהס שקד - צפון,83087.0,22.68,Ashdod,31.7796527,34.6429696,01/05/2020,SolarEdge,
4757638,אשדוד - בניין גבייה,83087.0,93.22,Ashdod,31.7868388,34.6418811,29/10/2025,SolarEdge,
1607886,אשדוד - עירייה,83087.0,20.44,Ashdod,31.7921646,34.6379829,01/05/2020,SolarEdge,
909696,באר שבע - בהס אוצר החיים,83087.0,82.5,Beersheba,31.2658014,34.7797962,18/11/2018,SolarEdge,
1576254,באר שבע - בהס אורים,83087.0,91.63,Be'er Sheva,31.2645133,34.7911748,01/04/2020,SolarEdge,
870137,באר שבע - בהס אילנות,83087.0,108.225,Beersheba,31.250986,34.7754606,14/10/2018,SolarEdge,
752285,באר שבע - בהס אפיק,83087.0,54.93,Be'er Sheva,31.2610174,34.7670986,11/04/2018,SolarEdge,
690286,באר שבע - בהס אשכול,83087.0,54.925,Be'er Sheva,31.2435468,34.7762508,11/04/2018,SolarEdge,
1449030,באר שבע - בהס דגניה,83087.0,50.05,Be'er Sheva,31.249633,34.8081637,01/01/2020,SolarEdge,
1831967,באר שבע - בהס יובלים,83087.0,74.1,Be'er Sheva,31.2449606,34.7702583,01/09/2020,SolarEdge,
752275,באר שבע - בהס יוסף קארו,83087.0,54.925,Be'er Sheva,31.2654871,34.7937021,11/04/2018,SolarEdge,
752273,באר שבע - בהס יחדיו,83087.0,54.925,Be'er Sheva,31.2364146,34.7772151,11/04/2018,SolarEdge,
1430051,באר שבע - בהס מאיר,83087.0,67.16,Be'er Sheva,31.2636446,34.774177,22/12/2019,SolarEdge,
1430105,באר שבע - בהס מצפה שקד,83087.0,86.14,Be'er Sheva,31.263521,34.7887981,22/12/2019,SolarEdge,
870096,באר שבע - בהס נווה מדבר,83087.0,103.95,Be'er Sheva,31.2635117,34.7697372,14/10/2018,SolarEdge,
4795821,באר שבע - בהס נווה שלום,83087.0,123.0,Be'er Sheva,31.2371839,34.7747848,21/12/2025,SolarEdge,
1804316,באר שבע - בהס נטעים,83087.0,64.24,Be'er Sheva,31.2551093,34.805024,01/09/2020,SolarEdge,
942067,באר שבע - בהס רגר 1,83087.0,58.08,Be'er Sheva,31.2360045,34.7686355,16/12/2018,SolarEdge,
942071,באר שבע - בהס רגר 2,83087.0,27.72,Be'er Sheva,31.2361634,34.7686747,16/12/2018,SolarEdge,
951501,באר שבע - בהס רגר 3,83087.0,59.4,Be'er Sheva,31.23649216,34.76991272,23/12/2018,SolarEdge,
951753,באר שבע - בהס רגר 4,83087.0,55.44,Be'er Sheva,31.2359744,34.7681316,24/12/2018,SolarEdge,
752281,באר שבע - בהס רימונים,83087.0,54.925,Be'er Sheva,31.24894929,34.80697777,11/04/2018,SolarEdge,
1849951,באר שבע - בהס רכסים,83087.0,83.835,Be'er Sheva,31.2839083,34.8056574,01/10/2020,SolarEdge,
1576256,באר שבע - בהס רמבם A,83087.0,27.625,Be'er Sheva,31.2527913,34.7811953,01/04/2020,SolarEdge,
1576258,באר שבע - בהס רמבם B,83087.0,42.9,Be'er Sheva,31.2527913,34.7811953,01/04/2020,SolarEdge,
1402547,באר שבע - בהס רמות A,83087.0,62.78,Be'er Sheva,31.2851375,34.7982416,05/12/2019,SolarEdge,
1402567,באר שבע - בהס רמות B,83087.0,65.7,Be'er Sheva,31.2733119,34.804472,05/12/2019,SolarEdge,
3431561,"באר שבע - בי""ס אלומות",83087.0,90.7,באר שבע,31.27007267,34.79064018,07/02/2023,SolarEdge,
895285,באר שבע - הרצוג גן מבנה 3,83087.0,37.29,Be'er Sheva,31.2847983,34.7985527,06/11/2018,SolarEdge,
895278,באר שבע - הרצוג כיתות  מבנה 2,83087.0,38.28,Be'er Sheva,31.2847983,34.7985527,06/11/2018,SolarEdge,
895262,באר שבע - הרצוג מנהלה מבנה 1,83087.0,36.63,Be'er Sheva,31.2847983,34.7985527,05/11/2018,SolarEdge,
896001,באר שבע - מקיף א' - אולם ספורט,83087.0,59.8,Beersheba,31.2531598,34.800089,06/11/2018,SolarEdge,
896008,באר שבע - מקיף א' - מבנה 100,83087.0,81.25,Be'er Sheva,31.2542581,34.8001963,06/11/2018,SolarEdge,
896025,באר שבע - מקיף א' - מבנה 200,83087.0,29.9,Be'er Sheva,31.2542581,34.8001963,06/11/2018,SolarEdge,
896041,באר שבע - מקיף א' - מבנה 300,83087.0,27.3,Beersheba,31.2531598,34.800089,06/11/2018,SolarEdge,
896054,באר שבע - מקיף א' - מבנה 400,83087.0,29.9,Beersheba,31.2531598,34.800089,06/11/2018,SolarEdge,
896063,באר שבע - מקיף א' - מבנה 500,83087.0,60.45,Beersheba,31.2531598,34.800089,06/11/2018,SolarEdge,
896073,באר שבע - מקיף א' - מבנה 600,83087.0,64.03,Beersheba,31.2531598,34.800089,06/11/2018,SolarEdge,
896078,באר שבע - מקיף א' - מבנה כימיה,83087.0,44.85,Beersheba,31.2531598,34.800089,06/11/2018,SolarEdge,
1465454,באר שבע - מקיף ג A,83087.0,59.15,Beersheba,31.2568444,34.7829419,01/01/2020,SolarEdge,
1465487,באר שבע - מקיף ג B,83087.0,64.05,Beersheba,31.2568444,34.7829419,01/01/2020,SolarEdge,
1804334,באר שבע - מקיף ג - אולם כנסים,83087.0,51.68,Beersheba,31.2568444,34.7829419,01/09/2020,SolarEdge,
2995893,בני דרור - אבגד (אבנט),83087.0,306.18,Bnei Dror,32.2601542,34.8938819,01/07/2022,SolarEdge,
3877082,בת ים - אודיטוריום - מבנה B,83087.0,37.06,Bat Yam,32.0186586,34.7553908,01/08/2023,SolarEdge,
4795402,בת ים - אולם ספורט הבונים,83087.0,61.5,Bat Yam,32.0125322,34.749382,20/12/2025,SolarEdge,
4626341,בת ים - אולם ספורט מלטון,83087.0,68.32,Bat Yam,32.0112362,34.7555682,19/05/2025,SolarEdge,
4415942,בת ים - אולם ספורט עופר,83087.0,152.1,Bat Yam,32.0054326,34.7491695,01/10/2024,SolarEdge,
3877037,בת ים - אשכול הפיס,83087.0,60.495,Bat Yam,32.0113764,34.754256,01/08/2023,SolarEdge,
3652203,בת ים - בהס אורות התורה,83087.0,89.64,Bat Yam,32.0049049,34.7545549,01/05/2023,SolarEdge,
4629860,בת ים - בהס אורט מלטון,83087.0,355.47,Bat Yam,32.0116579,34.7543213,22/05/2025,SolarEdge,
3090855,בת ים - בהס גורדון,83087.0,79.92,בת ים,32.0302242,34.7456549,01/09/2022,SolarEdge,
3090858,בת ים - בהס דוד אלעזר,83087.0,69.12,Bat Yam,32.0203654,34.7401976,01/09/2022,SolarEdge,
3090851,בת ים - בהס הנשיא,83087.0,56.7,Bat Yam,32.0145028,34.7606441,01/09/2022,SolarEdge,
3090870,בת ים - בהס יגאל אלון,83087.0,103.68,Bat Yam,32.006216,34.7499701,01/09/2022,SolarEdge,
3090866,בת ים - בהס יד מרדכי,83087.0,149.04,Bat Yam,32.0177243,34.7555001,01/09/2022,SolarEdge,
4243897,בת ים - בהס יצחק שדה - מבנה A,83087.0,82.88,Bat Yam,32.0136552,34.7436912,01/05/2024,SolarEdge,
4243946,בת ים - בהס יצחק שדה - מבנה B,83087.0,68.32,Bat Yam,32.0136552,34.7436912,01/05/2024,SolarEdge,
4243962,בת ים - בהס יצחק שדה - מבנה C,83087.0,108.64,Bat Yam,32.0136552,34.7436912,01/05/2024,SolarEdge,
3090847,בת ים - בהס ירושלים,83087.0,79.92,Bat Yam,32.0252879,34.755229,01/09/2022,SolarEdge,
4243059,בת ים - בהס מסילות,83087.0,94.64,Bat Yam,32.0189963,34.7539663,01/05/2024,SolarEdge,
3652206,בת ים - בהס משה שרת,83087.0,166.77,Bat Yam,32.016499,34.7536094,01/05/2023,SolarEdge,
3653006,בת ים - בהס נחשונים - דרום,83087.0,73.575,Bat Yam,32.0250096,34.7492819,01/05/2023,SolarEdge,
3652942,בת ים - בהס נחשונים - צפון,83087.0,51.23,Bat Yam,32.0250096,34.7492819,01/05/2023,SolarEdge,
3652937,בת ים - בהס סוקולוב,83087.0,112.27,Bat Yam,32.0203729,34.7413699,01/05/2023,SolarEdge,
3652204,בת ים - בהס ציפורי,83087.0,117.72,Bat Yam,32.0185205,34.7476004,01/05/2023,SolarEdge,
3215758,בת ים - בהס ראשונים,83087.0,142.56,Bat Yam,32.029469,34.748018,01/10/2022,SolarEdge,
3429151,בת ים - הנדסה,83087.0,58.32,Bat Yam,32.0209318,34.7571179,01/02/2023,SolarEdge,
3848920,בת ים - כותר פיס,83087.0,85.02,Bat Yam,32.0213051,34.7403362,01/08/2023,SolarEdge,
4627263,בת ים - מכללה,83087.0,75.04,Bat Yam,32.02229319,34.75842298,20/05/2025,SolarEdge,
4415935,בת ים - מרכז יגלום,83087.0,86.58,Bat Yam,32.0139221,34.760581,01/10/2024,SolarEdge,
4509432,בת ים - משרדי תפוס,83087.0,150.06,Bat Yam,32.0221522,34.7582996,30/12/2024,SolarEdge,
4243602,בת ים - עירייה,83087.0,97.44,Bat Yam,32.0161991,34.7412697,01/05/2024,SolarEdge,
3524486,בת ים - עמידר - אולם ספורט,83087.0,124.805,Bat Yam,32.028788,34.7588179,01/03/2023,SolarEdge,
3253763,בת ים - פיקוח עירוני,83087.0,139.86,Bat Yam,32.0192781,34.7513786,01/11/2022,SolarEdge,
3877060,בת ים - קונסרבטוריון,83087.0,59.405,Bat Yam,32.0130327,34.760271,01/08/2023,SolarEdge,
3339620,בת ים - תרבוטק,83087.0,86.4,בת ים,32.0150517,34.7575409,01/12/2022,SolarEdge,
3867207,גבעת חן - מערכת סולארית,83087.0,147.9,Givat Hen,32.16758,34.875514,07/12/2023,SolarEdge,
2738170,דור אלון - אשקלון עמיצור,83087.0,50.5,Ashkelon,31.676653,34.566787,01/02/2022,SolarEdge,
2765323,דור אלון - חבצלת השרון,83087.0,22.5,Havatzelet HaSharon,32.3614636,34.86529433,01/03/2022,SolarEdge,
2674310,דור אלון - חדרה מזרח,83087.0,29.5,Hadera,32.4413982,34.9331202,01/01/2022,SolarEdge,
2765346,דור אלון - נתניה עיר ימים,83087.0,60.0,Netanya,32.27950139,34.84817267,01/03/2022,SolarEdge,
2674329,דור אלון - עוקף חדרה,83087.0,41.0,Hadera,32.4544985,34.9399587,01/01/2022,SolarEdge,
2738149,דור אלון - רמלה אחיסמך,83087.0,37.0,Ramla,31.9339695,34.8873959,01/02/2022,SolarEdge,
2924147,דור אלון - תל יצחק,83087.0,58.0,Tel Yitzhak,32.252745,34.872378,01/05/2022,SolarEdge,
4661704,דלק מוטורס - ניר צבי,83087.0,699.87,Nir Zvi,31.9606293,34.857495,30/06/2025,SolarEdge,
2789367,החברה להגנת הטבע - אילת - בהס שדה - דרום 1,83087.0,50.76,Eilat,29.5435253,34.9497652,01/03/2022,SolarEdge,
2771905,"החברה להגנת הטבע - אילת - בהס שדה - צפון 3,2",83087.0,59.94,Eilat,29.5435253,34.9497652,01/03/2022,SolarEdge,
4372755,החברה להגנת הטבע - הר גילה - חדר אוכל,83087.0,52.07,Har Gillo,31.722058,35.171491,01/09/2024,SolarEdge,
4372757,החברה להגנת הטבע - הר גילה - מבנה 10,83087.0,50.89,Har Gillo,31.722058,35.171491,01/09/2024,SolarEdge,
4372758,החברה להגנת הטבע - הר גילה - מבנה 11,83087.0,39.2,Har Gillo,31.722058,35.171491,01/09/2024,SolarEdge,
4372759,החברה להגנת הטבע - הר גילה - מבנה 13,83087.0,43.29,Har Gillo,31.722058,35.171491,01/09/2024,SolarEdge,
4373379,החברה להגנת הטבע - מעגן מיכאל - מבנה 1 חדר אוכל,83087.0,63.18,Ma'agan Michael,32.55609438,34.91589754,01/09/2024,SolarEdge,
4373380,החברה להגנת הטבע - מעגן מיכאל - מבנה 5,83087.0,23.4,Ma'agan Michael,32.55871,34.917816,01/09/2024,SolarEdge,
2939567,החברה להגנת הטבע - מצפה רמון - חדר אוכל,83087.0,43.74,Mitzpe Ramon,30.610203,34.801898,01/06/2022,SolarEdge,
2939791,החברה להגנת הטבע - מצפה רמון - מגורים 3,83087.0,17.28,Mitzpe Ramon,30.6138048,34.8006271,01/06/2022,SolarEdge,
2940021,החברה להגנת הטבע - מצפה רמון - מגורים דרום,83087.0,14.04,Mitzpe Ramon,30.610203,34.8018979,01/06/2022,SolarEdge,
2940071,החברה להגנת הטבע - מצפה רמון - מגורים מזרח,83087.0,27.54,Mitzpe Ramon,30.610203,34.801898,01/06/2022,SolarEdge,
2940153,החברה להגנת הטבע - מצפה רמון - מגורים מערב,83087.0,28.62,Mitzpe Ramon,30.610203,34.801898,01/06/2022,SolarEdge,
2939720,החברה להגנת הטבע - מצפה רמון - משרדים,83087.0,46.98,Mitzpe Ramon,30.610203,34.8018979,01/06/2022,SolarEdge,
4464563,החברה למשקאות - אילת,83087.0,149.76,Eilat,29.56967654,34.96004009,01/11/2024,SolarEdge,
3361053,החברה למשקאות - אשקלון - קרלסברג,83087.0,149.6,Ashkelon,31.6335237,34.5480144,03/04/2023,SolarEdge,
3443646,החברה למשקאות - באר שבע - מרלוג,83087.0,149.6,Be'er Sheva,31.2129491,34.8079083,01/02/2023,SolarEdge,
3327233,החברה למשקאות - ראשון לציון - מרלוג שורק,83087.0,149.6,Rishon LeTsiyon,31.95045937,34.76077233,01/12/2022,SolarEdge,
1102774,המכללה למנהל מבנה 1 - תקשורת,83087.0,186.96,Rishon LeTsiyon,31.9697853,34.7710188,08/05/2019,SolarEdge,
1102791,המכללה למנהל מבנה 2 - ספריה,83087.0,91.2,Rishon LeTsiyon,31.969738,34.7727872,08/05/2019,SolarEdge,
1102818,המכללה למנהל מבנה 3 - משפטים,83087.0,34.2,Rishon LeTsiyon,31.969738,34.7727872,08/05/2019,SolarEdge,
1102848,המכללה למנהל מבנה 4 - בית הסטודנט,83087.0,21.28,Rishon LeTsiyon,31.969738,34.7727872,08/05/2019,SolarEdge,
1102859,המכללה למנהל מבנה 5 - מנהל עסקים,83087.0,21.28,Rishon LeTsiyon,31.969738,34.7727872,08/05/2019,SolarEdge,
1157411,המכללה למנהל מבנה 6 - עיצוב,83087.0,139.08,Rishon LeTsiyon,31.969738,34.7727872,19/06/2019,SolarEdge,
1157484,המכללה למנהל מבנה 7 - יבילים,83087.0,91.96,Rishon LeTsiyon,31.969738,34.7727872,19/06/2019,SolarEdge,
4810282,המרכז הישראלי לכלבי נחייה - בית עובד,83087.0,123.0,בית עובד,31.92085549,34.76880424,20/01/2026,SolarEdge,
4486970,הסתדרות - חדרה,83087.0,60.39,Hadera,32.439695,34.9215109,04/12/2024,SolarEdge,
4136700,חברת מאיר - ראשון לציון - מוסך וולוו,83087.0,649.6,Rishon LeTsiyon,31.99114814,34.75600077,01/02/2024,SolarEdge,
3068216,חולון - בהס איילון - סככה,83087.0,126.985,Holon,32.0158789,34.7869973,01/08/2022,SolarEdge,
2076333,חולון - בהס איילון - תיכון,83087.0,137.7,Holon,32.0158789,34.7869973,01/02/2021,SolarEdge,
2076313,חולון - בהס אריאל שרון - אולם ספורט,83087.0,144.0,Holon,32.0067619,34.777266,01/02/2021,SolarEdge,
2076307,חולון - בהס גולדטק,83087.0,137.7,Holon,32.0110551,34.7749961,01/02/2021,SolarEdge,
3848852,חולון - בהס דביר,83087.0,32.155,Holon,32.0158789,34.7869973,01/08/2023,SolarEdge,
3068173,חולון - בהס הרצוג - סככה,83087.0,109.55,Holon,32.0200052,34.7799911,01/08/2022,SolarEdge,
4351004,חולון - בהס זלמן ארן - אולם ספורט,83087.0,39.04,Holon,32.00909819,34.79441187,01/07/2024,SolarEdge,
4350925,חולון - בהס זלמן ארן - מבנה מזרחי,83087.0,73.2,Holon,32.00908682,34.79445478,01/07/2024,SolarEdge,
4350960,חולון - בהס זלמן ארן - מבנה מערבי,83087.0,77.47,Holon,32.00905952,34.79445747,01/07/2024,SolarEdge,
4372613,חולון - בהס טומשין - גג 1,83087.0,39.04,Holon,32.0193657,34.7632046,01/09/2024,SolarEdge,
4372614,חולון - בהס טומשין - גג 3,83087.0,35.99,Holon,32.0193657,34.7632046,01/09/2024,SolarEdge,
2323021,חולון - בהס יצחק שמיר - אולם ספורט,83087.0,81.0,Holon,32.0070229,34.7809822,01/06/2021,SolarEdge,
4350816,חולון - בהס ישורון,83087.0,110.88,Holon,32.0235723,34.7801283,01/07/2024,SolarEdge,
2076308,חולון - בהס ישעיהו,83087.0,137.7,Holon,32.0163164,34.7684835,01/02/2021,SolarEdge,
2076309,חולון - בהס מיתרים,83087.0,132.3,Holon,32.0129296,34.7646436,01/02/2021,SolarEdge,
2076314,חולון - בהס נאות שושנים - אולם ספורט,83087.0,144.0,Holon,32.0140813,34.7822666,01/02/2021,SolarEdge,
4303321,חולון - בהס ניצנים - אולם ספורט,83087.0,140.4,Holon,32.0034142,34.7900228,01/06/2024,SolarEdge,
3068222,חולון - בהס קציר - סככה,83087.0,120.445,Holon,32.0115478,34.7728135,01/08/2022,SolarEdge,
3848887,חולון - בהס רעים - חינוך מיוחד,83087.0,65.88,Holon,32.016006,34.7965709,01/09/2023,SolarEdge,
3068210,חולון - בהס שזר - סככה,83087.0,118.27,Holon,32.015833,34.787384,01/08/2022,SolarEdge,
4372615,חולון - בהס שנקר,83087.0,39.78,Holon,32.0210884,34.7803884,01/09/2024,SolarEdge,
4303442,חולון - בהס שער האריות,83087.0,101.79,Holon,32.0056078,34.7945989,01/06/2024,SolarEdge,
3068147,חולון - בהס שרת - סככה,83087.0,117.72,Holon,32.0080809,34.7885352,01/08/2022,SolarEdge,
4303358,חולון - בית רותר,83087.0,91.26,Holon,32.019963,34.7692025,01/06/2024,SolarEdge,
3772810,חולון - גן אורים,83087.0,16.35,Holon,32.0202442,34.7624788,01/07/2023,SolarEdge,
3772726,חולון - גן הדר (בז),83087.0,16.35,Holon,32.0298238,34.7640452,01/07/2023,SolarEdge,
4221832,חולון - גן החרצית,83087.0,19.6,Holon,32.0094041,34.7840477,01/04/2024,SolarEdge,
3772834,חולון - גן הסבוראים,83087.0,19.075,Holon,32.0042244,34.7621114,01/07/2023,SolarEdge,
3772747,חולון - גן זלמן ארן,83087.0,29.43,Holon,32.0172527,34.767194,01/07/2023,SolarEdge,
4216538,חולון - גן יצחק רבין,83087.0,35.84,Holon,32.0022458,34.7708857,01/04/2024,SolarEdge,
4218335,חולון - גן יצחק שדה,83087.0,36.4,Holon,32.0256869,34.773066,01/04/2024,SolarEdge,
4221928,חולון - גן ישראל גלילי,83087.0,30.24,Holon,32.0133899,34.7805723,01/04/2024,SolarEdge,
3772788,חולון - גן נעמי שמר,83087.0,29.7,Holon,32.0073924,34.7730951,01/07/2023,SolarEdge,
4221860,חולון - גן עוזי נרקיס,83087.0,20.16,Holon,32.0040298,34.7689633,01/04/2024,SolarEdge,
3772738,חולון - גן קרייתי,83087.0,15.81,Holon,32.025878,34.7638615,01/07/2023,SolarEdge,
4221899,חולון - גן שדה בוקר,83087.0,15.68,Holon,32.0138593,34.7643982,01/04/2024,SolarEdge,
4274891,חולון - מנהל החינוך,83087.0,53.235,Holon,32.01516502,34.77066353,01/05/2024,SolarEdge,
3910128,חולון - מרכז יום לקשיש אלחריזי,83087.0,21.6,Holon,32.0230494,34.7930225,01/01/2024,SolarEdge,
2076315,חולון - מרכז קהילתי לזרוס,83087.0,117.9,Holon,32.0037141,34.7634086,01/02/2021,SolarEdge,
3848871,חולון - מרכז קשת,83087.0,49.5,Holon,32.0116598,34.7985437,20/12/2023,SolarEdge,
4259109,חולון - מתנס בן גוריון,83087.0,52.64,Holon,31.99616788,34.76943849,01/05/2024,SolarEdge,
2076306,חולון - מתנס נאות רחל,83087.0,73.8,Holon,32.0159722,34.764797,01/02/2021,SolarEdge,
4274912,חולון - מתנס נווה ארזים - דרום,83087.0,43.88,Rishon LeTsiyon,32.01839561,34.79359901,01/05/2024,SolarEdge,
4274929,חולון - מתנס נווה ארזים - צפון,83087.0,38.02,Rishon LeTsiyon,32.01842518,34.79359901,01/05/2024,SolarEdge,
2076337,חולון - מתנס קליין תל גיבורים,83087.0,79.65,Holon,32.0278104,34.7611559,01/02/2021,SolarEdge,
2076327,חולון - נבון מבנה א,83087.0,45.9,Holon,31.99705901,34.76817977,01/02/2021,SolarEdge,
2076329,חולון - נבון מבנה ב,83087.0,45.9,Holon,31.9969951,34.7686572,01/02/2021,SolarEdge,
2076330,חולון - נבון מבנה ג,83087.0,45.9,Holon,31.9969951,34.7686572,01/02/2021,SolarEdge,
4350893,חולון - ספריית כצנלסון,83087.0,68.93,Holon,32.02723318,34.77171513,01/07/2024,SolarEdge,
2076316,חולון - קוגל מבנה א,83087.0,70.2,Holon,32.0095404,34.7801996,01/02/2021,SolarEdge,
2076317,חולון - קוגל מבנה ב,83087.0,43.2,Holon,32.0095404,34.7801996,01/02/2021,SolarEdge,
2076319,חולון - קוגל מבנה ג,83087.0,41.4,Holon,32.0095404,34.7801996,01/02/2021,SolarEdge,
2076321,חולון - קוגל מבנה ד,83087.0,41.4,Holon,32.0095404,34.7801996,01/02/2021,SolarEdge,
4403766,חולון - תיאטרון בובות - דוד רמז,83087.0,34.77,Holon,32.0100832,34.7673054,01/09/2024,SolarEdge,
2076312,חולון - תיכון היטק,83087.0,137.7,Holon,32.0080486,34.7996315,01/02/2021,SolarEdge,
2076335,חולון - תיכון עתידים,83087.0,137.7,Holon,32.0179297,34.7685259,01/02/2021,SolarEdge,
2381397,חי - גב ים - באר יעקב - סיידס,83087.0,209.7,Be'er Ya'akov,31.9473888,34.8415209,22/07/2021,SolarEdge,
2560004,חי - כסייפה - תל כסיף,83087.0,128.31,Kuseife,31.249246,35.083681,09/11/2021,SolarEdge,
2975184,חי - מצפה רמון - ספריה,83087.0,70.85,Mitzpe Ramon,30.610203,34.801898,27/06/2022,SolarEdge,
4910053,טיראן,83087.0,21.6,חצבה,30.77757924,35.28080557,03/07/2026,SolarEdge,
4264253,טלרן - באר שבע - מבנה 73,83087.0,73.92,Be'er Sheva,31.2215449,34.8136183,01/05/2024,SolarEdge,
4264254,טלרן - באר שבע - מבנה 74A,83087.0,63.28,Be'er Sheva,31.2219548,34.8142446,01/05/2024,SolarEdge,
4264259,טלרן - באר שבע - מבנה 74B,83087.0,84.56,Be'er Sheva,31.2219548,34.8142446,01/05/2024,SolarEdge,
4506238,יוניליוור - חיפה,83087.0,398.94,Haifa,32.8168165,35.0438464,22/12/2024,SolarEdge,
3201956,יפה נוף - בהס תל חי,83087.0,69.215,Haifa,32.7872985,35.0210252,18/10/2022,SolarEdge,
3201807,יפה נוף - בהס תל חי - אולם ספורט,83087.0,37.06,Haifa,32.7872985,35.0210252,18/10/2022,SolarEdge,
2480496,יקום - אולם התעמלות,83087.0,32.725,Yakum,32.25122439,34.84336441,20/09/2021,SolarEdge,
170200,יקום - אולם תרבות (אודיטוריום),83087.0,54.81,Yakum,32.249196,34.841903,27/09/2015,SolarEdge,
2512686,יקום - אקווה,83087.0,51.0,Yakum,32.24930096,34.84386815,05/10/2021,SolarEdge,
2462625,יקום - גן חצב,83087.0,46.75,Yakum,32.24887596,34.84092369,14/09/2021,SolarEdge,
2396492,יקום - חשמלייה,83087.0,20.4,Yakum,32.2486898,34.8429532,02/08/2021,SolarEdge,
170197,יקום - מוסך,83087.0,54.81,Yakum,32.249196,34.841903,27/09/2015,SolarEdge,
170280,יקום - מחסנים - גולמט מבנה AB (גולמט),83087.0,54.495,Yakum,32.249196,34.841903,27/09/2015,SolarEdge,
2502565,יקום - מלתחות,83087.0,25.925,Yakum,32.24860388,34.84282917,06/10/2021,SolarEdge,
2396158,יקום - מקלט וידיאו,83087.0,25.075,Yakum,32.24842382,34.84247167,01/08/2021,SolarEdge,
2398163,יקום - ספרייה,83087.0,17.85,Yakum,32.2506278,34.84386867,03/08/2021,SolarEdge,
881364,יקום - פלסטיב,83087.0,442.745,Yakum,32.2462421,34.8431911,24/10/2018,SolarEdge,
790476,ירוחם - בהס אורט,83087.0,150.15,Yeruham,30.98407,34.931052,26/07/2018,SolarEdge,
1366154,ירוחם - בהס אמית קמה,83087.0,59.07,Yeruham,30.9851062,34.9301874,11/11/2019,SolarEdge,
2772733,ירוחם - בהס מאוחד - סככה,83087.0,69.75,Yeruham,30.9880259,34.9299782,01/03/2022,SolarEdge,
2076339,ירוחם - בהס מסילה בערבה,83087.0,55.89,Yeruham,30.9906214,34.9338705,01/02/2021,SolarEdge,
1804371,ירוחם - בהס מרכז מדעים,83087.0,41.4,Yeruham,30.9847833,34.936837,01/09/2020,SolarEdge,
1665981,ירוחם - בהס קול יעקב,83087.0,30.69,Yeruham,30.9869063,34.9277973,01/06/2020,SolarEdge,
2772747,ירוחם - בהס קול יעקב - סככה,83087.0,94.5,Yeruham,30.9861442,34.9281573,01/03/2022,SolarEdge,
790473,"ירוחם - בהס תורת משה (אמ""ת בלבב שלם)",83087.0,55.575,Yeruham,30.984561,34.930268,26/07/2018,SolarEdge,
790477,ירוחם - בריכה עירונית,83087.0,89.1,Yeruham,30.9834685,34.933964,26/07/2018,SolarEdge,
790480,ירוחם - גיל הרך,83087.0,55.0,Yeruham,30.986213,34.9199212,26/07/2018,SolarEdge,
2076340,ירוחם - גן פטל,83087.0,23.725,Yeruham,30.9913917,34.9205645,01/02/2021,SolarEdge,
812212,ירוחם - גן רימון,83087.0,27.3,Yeruham,30.9838278,34.9324322,20/08/2018,SolarEdge,
1584112,ירוחם - ישיבת הסדר - חדר אוכל,83087.0,91.08,Yeruham,30.987493,34.92728,01/04/2020,SolarEdge,
1584115,ירוחם - מעון בית שולמית 1,83087.0,27.72,Yeruham,30.9878317,34.9287078,01/04/2020,SolarEdge,
1584116,ירוחם - מעון בית שולמית 2,83087.0,27.72,Yeruham,30.9878317,34.9287078,01/04/2020,SolarEdge,
790481,ירוחם - מעון יום,83087.0,55.0,Yeruham,30.986213,34.9199212,26/07/2018,SolarEdge,
790470,ירוחם - מתנס,83087.0,54.925,Yeruham,30.986276,34.93208,26/07/2018,SolarEdge,
2772777,ירוחם - מתנס - סככה,83087.0,143.55,Yeruham,30.9859596,34.9325605,01/03/2022,SolarEdge,
790472,ירוחם - ספריה,83087.0,27.95,Yeruham,30.986762,34.932507,26/07/2018,SolarEdge,
511690,כיפוף ברזל בדרום - באר שבע,83087.0,152.46,Ber Sheva,31.2288889,34.8336111,01/08/2017,SolarEdge,
4568018,כיפוף ברזל בדרום - באר שבע - הזורע 3,83087.0,57.33,Be'er Sheva,31.21477834,34.81403486,13/03/2025,SolarEdge,
511702,כיפוף ברזל בדרום - באר שבע - מערכת 2,83087.0,59.85,Ber Sheva,31.2288889,34.8336111,01/08/2017,SolarEdge,
4568172,כסייפה - מסגד שכונה 23,83087.0,37.515,Kuseife,31.24728,35.093795,01/03/2025,SolarEdge,
4759507,כרמית - מפעל איטונג - פרדס חנה,83087.0,699.87,Pardes Hanna-Karkur,32.4818295,34.954041,01/11/2025,SolarEdge,
3806527,מבשרת ציון - עופר אהרון,83087.0,138.6,Mevaseret Zion,31.7907243,35.1400549,01/01/2024,SolarEdge,
3001661,מודיעין עילית - אור התורה,83087.0,90.0,Modi'in Ilit,31.9290774,35.0395541,01/07/2022,SolarEdge,
3001655,מודיעין עילית - אשכול הפיס,83087.0,55.0,Modi'in Ilit,31.932477,35.042265,01/07/2022,SolarEdge,
3167910,מודיעין עילית - בהס חפציבה,83087.0,244.5,Modi'in Ilit,31.923339,35.051748,01/10/2022,SolarEdge,
3001801,מודיעין עילית - בית חינוך לבנות,83087.0,49.0,Modi'in Ilit,31.932477,35.042265,01/07/2022,SolarEdge,
3001821,מודיעין עילית - גני פתחיה,83087.0,45.0,Modi'in Ilit,31.932477,35.042265,01/07/2022,SolarEdge,
3001637,מודיעין עילית - מכון נעלה,83087.0,19.5,Modi'in Ilit,31.9314,35.0396483,01/07/2022,SolarEdge,
3001714,מודיעין עילית - מרכז פיס קהילתי,83087.0,149.5,Modi'in Ilit,31.932477,35.042265,01/07/2022,SolarEdge,
4307737,מודיעין עילית - מתנס הגרא,83087.0,85.8,Modi'in Ilit,31.9247493,35.0494265,01/06/2024,SolarEdge,
4243646,מודיעין עילית - תחנת שאיבה,83087.0,49.5,Modi'in Ilit,31.932477,35.042265,01/05/2024,SolarEdge,
2417859,מודיעין עילית - תלמוד תורה ברסלב,83087.0,99.0,Modi'in Ilit,31.9405071,35.0439125,01/08/2021,SolarEdge,
2417914,מודיעין עילית - תלמוד תורה המסילה,83087.0,99.0,Modi'in Ilit,31.9405071,35.0439125,01/08/2021,SolarEdge,
3214753,מודיעין עילית - תלמוד תורה כלל חסידי - מבנה 1,83087.0,37.0,Modi'in Ilit,31.9371339,35.0371973,01/10/2022,SolarEdge,
3214769,מודיעין עילית - תלמוד תורה כלל חסידי - מבנה 2,83087.0,36.5,Modi'in Ilit,31.9371339,35.0371973,01/10/2022,SolarEdge,
3001594,מודיעין עילית - תלמוד תורה מאה שערים,83087.0,74.0,Modi'in Ilit,31.9407519,35.0375551,01/07/2022,SolarEdge,
3001677,מודיעין עילית - תשבר גבעה דרומית,83087.0,65.0,Modi'in Ilit,31.932477,35.042265,01/07/2022,SolarEdge,
4421323,מ.ויצמן - ב.מ.ב,83087.0,95.16,Rehovot,31.9037541,34.8080315,01/10/2024,SolarEdge,
4491002,מ.ויצמן - מדרשת פינברג,83087.0,298.9,Rehovot,31.9037541,34.8080315,08/12/2024,SolarEdge,
2621004,"מ.ויצמן – ממת""ק ורפואה השוואתית",83087.0,299.985,Rehovot,31.8790721,34.818369,13/12/2021,SolarEdge,
4490967,מ.ויצמן - פיזיקה,83087.0,191.54,Rehovot,31.9037541,34.8080315,08/12/2024,SolarEdge,
3806582,מ.ויצמן – שדה קימל,83087.0,2956.8,Rehovot,31.9037541,34.8080315,01/07/2023,SolarEdge,
4526653,מחנה עמוס מבנה 30,83087.0,126.7,עפולה,32.6087333,35.25536088,23/01/2025,SolarEdge,
4526619,מחנה עמוס מבנה 40,83087.0,150.0,עפולה,32.60822699,35.25460833,23/01/2025,SolarEdge,
4526390,מחנה עמוס מבנה B,83087.0,300.0,עפולה,32.60643372,35.25609797,23/01/2025,SolarEdge,
4526401,מחנה עמוס מבנה C,83087.0,50.0,עפולה,32.60649215,35.25559866,23/01/2025,SolarEdge,
4661324,מיטרני - מודיעין - הסתת,83087.0,49.2,Modi'in-Maccabim-Re'ut,31.885683,34.962293,29/06/2025,SolarEdge,
4661332,מיטרני - מודיעין - הצמיחה,83087.0,699.87,Modi'in-Maccabim-Re'ut,31.92102406,34.97687715,29/06/2025,SolarEdge,
3967352,מכון וינגייט - אולם ברלין,83087.0,159.5,Netanya,32.262692,34.8362441,01/10/2023,SolarEdge,
3967311,מכון וינגייט - בית ספר למאמנים,83087.0,45.1,Netanya,32.262692,34.8362441,01/10/2023,SolarEdge,
4264371,מכון וינגייט - בניין נורמן,83087.0,74.48,Netanya,32.2630364,34.837004,01/05/2024,SolarEdge,
3967438,מכון וינגייט - בניין פדגוגי,83087.0,80.85,Netanya,32.262692,34.8362441,01/10/2023,SolarEdge,
3967277,מכון וינגייט - קפטריה,83087.0,71.5,Netanya,32.262692,34.8362441,01/10/2023,SolarEdge,
3967398,מכון וינגייט - רפואת ספורט,83087.0,60.5,Netanya,32.262692,34.8362441,01/10/2023,SolarEdge,
4685623,מכון ויצמן למדע - מבנה בוטנר,83087.0,54.735,Rehovot,31.9037541,34.8080315,29/07/2025,SolarEdge,
4685642,מכון ויצמן למדע - מבנה קימלמן,83087.0,73.185,Rehovot,31.9037541,34.8080315,29/07/2025,SolarEdge,
2714687,מכשירי תנועה - חיפה - מוסך מרכזי סוזוקי,83087.0,127.0,Haifa,32.7940463,34.989571,01/02/2022,SolarEdge,
2681523,משען - באר שבע - מבנה סיעודי,83087.0,33.48,Be'er Sheva,31.2592622,34.7729572,01/01/2022,SolarEdge,
2681519,משען - באר שבע - מערכת 1,83087.0,62.1,Be'er Sheva,31.2589515,34.7729248,01/01/2022,SolarEdge,
3626782,משען - בית אפל גן יבנה - אולם תרבות,83087.0,32.155,Gan Yavne,31.782974,34.702809,03/05/2023,SolarEdge,
3626753,משען - בית אפל גן יבנה - מבנה חירום,83087.0,29.43,Gan Yavne,31.7874023,34.7118019,03/05/2023,SolarEdge,
3626778,משען - בית אפל גן יבנה - מגורי סגל,83087.0,22.345,Gan Yavne,31.783056,34.703101,03/05/2023,SolarEdge,
2974962,משען - גבעתיים,83087.0,183.6,Giv'atayim,32.06311778,34.80654932,01/06/2022,SolarEdge,
2974918,משען - חולון - חדר אוכל,83087.0,93.96,Holon,32.01867663,34.77353528,01/06/2022,SolarEdge,
2974940,משען - חולון - מבנה אלון,83087.0,59.4,Holon,32.01865404,34.77374895,01/06/2022,SolarEdge,
2974896,משען - חולון - קפיטריה,83087.0,63.72,Holon,32.01869497,34.77371408,01/06/2022,SolarEdge,
3546774,משען - חיפה,83087.0,91.56,Haifa,32.7794452,34.9904252,01/03/2023,SolarEdge,
3443639,משען - ירושלים - גונן,83087.0,67.58,Jerusalem,31.7605935,35.2122387,01/02/2023,SolarEdge,
3435726,משען - כפר סבא - אונים - מבנה A,83087.0,61.04,Kefar Sava,32.183408,34.9057407,16/05/2023,SolarEdge,
3435753,משען - כפר סבא - אונים - מבנה B,83087.0,71.395,Kefar Sava,32.183408,34.9057407,16/05/2023,SolarEdge,
3324091,משען - כפר סבא - עלומים - חדר אוכל,83087.0,25.07,Kefar Sava,32.178195,34.90761,01/12/2022,SolarEdge,
3370182,משען - כפר סבא - עלומים - פנימיית יום,83087.0,44.55,Kefar Sava,32.1768345,34.9190274,01/01/2023,SolarEdge,
3324100,משען - כפר סבא - עלומים - תמר,83087.0,75.21,כפר סבא,32.1768582,34.9190599,01/12/2022,SolarEdge,
3619894,משען - רמת אפעל - בית כנסת,83087.0,43.0,Ramat Gan,32.0518499,34.8364457,01/04/2023,SolarEdge,
3235996,משען - רמת אפעל - מבנה 01,83087.0,21.8,Ramat Gan,32.0518499,34.8364457,01/11/2022,SolarEdge,
3236023,משען - רמת אפעל - מבנה 02,83087.0,21.8,Ramat Gan,32.0518499,34.8364457,01/11/2022,SolarEdge,
3236032,משען - רמת אפעל - מבנה 03,83087.0,21.8,Ramat Gan,32.0518499,34.8364457,01/11/2022,SolarEdge,
3237942,משען - רמת אפעל - מבנה 04,83087.0,21.8,Ramat Gan,32.0518499,34.8364457,01/11/2022,SolarEdge,
3237960,משען - רמת אפעל - מבנה 05,83087.0,21.8,Ramat Gan,32.0518499,34.8364457,01/11/2022,SolarEdge,
3237977,משען - רמת אפעל - מבנה 06,83087.0,21.8,Ramat Gan,32.0518499,34.8364457,01/11/2022,SolarEdge,
3370620,משען - רמת אפעל - מבנה 07,83087.0,21.8,Ramat Gan,32.0517937,34.8362872,01/01/2023,SolarEdge,
3237985,משען - רמת אפעל - מבנה 08,83087.0,21.8,Ramat Gan,32.0518499,34.8364457,01/11/2022,SolarEdge,
3237995,משען - רמת אפעל - מבנה 09,83087.0,21.8,Ramat Gan,32.0518499,34.8364457,01/11/2022,SolarEdge,
3238002,משען - רמת אפעל - מבנה 11,83087.0,21.8,Ramat Gan,32.0518499,34.8364457,01/11/2022,SolarEdge,
3238009,משען - רמת אפעל - מבנה 12,83087.0,22.89,Ramat Gan,32.0518499,34.8364457,01/11/2022,SolarEdge,
3238052,משען - רמת אפעל - מבנה 13,83087.0,22.89,Ramat Gan,32.0518499,34.8364457,01/11/2022,SolarEdge,
3238073,משען - רמת אפעל - מבנה 14,83087.0,22.89,Ramat Gan,32.0518499,34.8364457,01/11/2022,SolarEdge,
3238121,משען - רמת אפעל - מבנה 15,83087.0,22.89,Ramat Gan,32.0518499,34.8364457,01/11/2022,SolarEdge,
3390109,משען - רמת אפעל - מבנה מרכזי,83087.0,109.0,Ramat Gan,32.047236,34.835859,01/01/2023,SolarEdge,
3235434,משען - רמת אפעל - מבנה סעודי,83087.0,114.45,Ramat Gan,32.0518499,34.8364457,01/11/2022,SolarEdge,
2974992,משען - תל אביב - פיכמן 06,83087.0,38.88,Tel Aviv-Yafo,32.1094083,34.7936664,01/06/2022,SolarEdge,
2974998,משען - תל אביב - פיכמן 08,83087.0,64.26,Tel Aviv-Yafo,32.1090599,34.7934118,01/06/2022,SolarEdge,
2975043,משען - תל אביב - פיכמן 10,83087.0,25.38,Tel Aviv-Yafo,32.1102902,34.7935539,01/06/2022,SolarEdge,
3524419,משק טוויג - מושב עזריה,83087.0,149.875,Azaria,31.890495,34.911872,09/08/2023,SolarEdge,
1654897,משרד הבטחון - נחשונים,83087.0,835.8,Nahshonim,32.063236,34.947011,09/06/2020,SolarEdge,
3701818,נמל יפו - מחסן 2,83087.0,301.32,Tel Aviv-Yafo,32.0499,34.748992,01/11/2023,SolarEdge,
3701895,נמל יפו - מחסן 3,83087.0,147.42,Tel Aviv-Yafo,32.0499,34.748992,01/11/2023,SolarEdge,
1498664,סאן אופיר - חיפה - בר יהודה 131,83087.0,56.7,Nesher,32.7845656,35.0315966,16/02/2020,SolarEdge,
1479625,סאן אופיר - נשר - בר יהודה 195,83087.0,71.28,Nesher,32.7808389,35.0357116,02/02/2020,SolarEdge,
4558406,סנדר יציקות  - קיסריה,83087.0,98.53,Caesarea,32.470948,34.9459591,03/03/2025,SolarEdge,
4196329,עזריאלי - אור יהודה - אאוטלט,83087.0,134.75,Or Yehuda,32.0253101,34.8580849,01/04/2024,SolarEdge,
4175049,עזריאלי - איילון רמת גן - מערכת 1,83087.0,138.6,Ramat Gan,32.1004415,34.8266107,01/03/2024,SolarEdge,
4175050,עזריאלי - איילון רמת גן - מערכת 2,83087.0,561.0,Ramat Gan,32.1004415,34.8266107,01/03/2024,SolarEdge,
4251950,עזריאלי - באר שבע - קניון הנגב,83087.0,183.7,Be'er Sheva,31.24412859,34.79475702,01/05/2024,SolarEdge,
4324387,עזריאלי - הוד השרון - קניון,83087.0,135.85,Hod Hasharon,32.1432281,34.891664,01/07/2024,SolarEdge,
4171956,עזריאלי - חולון - קניון - מזרח,83087.0,222.75,Holon,32.0122878,34.7794304,01/03/2024,SolarEdge,
4171993,עזריאלי - חולון - קניון - מערב,83087.0,139.15,Holon,32.0122878,34.7794304,01/03/2024,SolarEdge,
4574251,עזריאלי - חיפה - דאבח צ'ק פוסט,83087.0,473.55,Haifa,32.79011162,35.028815,20/03/2025,SolarEdge,
4871564,עזריאלי - מודיעין - קניון,83087.0,699.87,מודיעין מכבים רעות,31.8998602,35.0082658,03/05/2026,SolarEdge,
4373297,עזריאלי - קיסריה - עלבד,83087.0,150.7,Caesarea,32.4785151,34.9428667,01/09/2024,SolarEdge,
4706294,עזריאלי - קניון ראשונים,83087.0,421.89,ראשון לציון,31.9496762,34.8035103,25/08/2025,SolarEdge,
1101010,עין שמר מרכז מסחרי - גג 1 - מבנה ח,83087.0,89.68,Ein Shemer,32.4660695,34.9922638,07/05/2019,SolarEdge,
1102569,עין שמר מרכז מסחרי - גג 2 - מבנה ט,83087.0,88.92,Ein Shemer,32.4660695,34.9922638,08/05/2019,SolarEdge,
1102578,עין שמר מרכז מסחרי - גג 3 - מבנה ב,83087.0,21.28,Ein Shemer,32.4660695,34.9922638,08/05/2019,SolarEdge,
1102583,עין שמר מרכז מסחרי - גג 4 - מבנה י,83087.0,54.72,Ein Shemer,32.4660695,34.9922638,08/05/2019,SolarEdge,
1102586,עין שמר מרכז מסחרי - גג 5 - מבנה ה,83087.0,20.52,Ein Shemer,32.4660695,34.9922638,08/05/2019,SolarEdge,
1102720,עין שמר מרכז מסחרי - גג 6 - מבנה כ,83087.0,31.92,Ein Shemer,32.4660695,34.9922638,08/05/2019,SolarEdge,
1102724,עין שמר מרכז מסחרי - גג 7 - מבנה ד,83087.0,54.72,Ein Shemer,32.4660695,34.9922638,08/05/2019,SolarEdge,
1102738,עין שמר מרכז מסחרי - גג 8 - מבנה ז,83087.0,21.28,Ein Shemer,32.4660695,34.9922638,08/05/2019,SolarEdge,
1098890,עכו - בהס בית קנדי,83087.0,70.08,Acre,32.9323907,35.0888545,05/05/2019,SolarEdge,
1101220,עכו - ברכת ישראל B,83087.0,37.96,Acre,32.932157,35.0780305,07/05/2019,SolarEdge,
3188896,עמיאל צמיגים - אשדוד - מוסך,83087.0,99.36,Ashdod,31.8352017,34.6873057,01/10/2022,SolarEdge,
1196712,פוליסיטי - אולם ספורט,83087.0,39.27,Bet Shemesh,31.738235,34.958261,17/07/2019,SolarEdge,
1196662,פוליסיטי - אורווה,83087.0,75.24,Bet Shemesh,31.738235,34.958261,17/07/2019,SolarEdge,
1196705,פוליסיטי - כלבייה,83087.0,57.75,Bet Shemesh,31.738235,34.958261,17/07/2019,SolarEdge,
1196763,פוליסיטי - מוזיאון,83087.0,82.005,Bet Shemesh,31.7386061,34.9496449,17/07/2019,SolarEdge,
1196742,פוליסיטי - מטווחים,83087.0,250.84,Bet Shemesh,31.7386061,34.9496449,17/07/2019,SolarEdge,
1196785,פוליסיטי - משרדים,83087.0,59.29,Bet Shemesh,31.738235,34.958261,17/07/2019,SolarEdge,
4021824,פילטונה - באר שבע,83087.0,600.05,Be'er Sheva,31.2131931,34.8156343,01/11/2023,SolarEdge,
1434856,פילטונה - באר שבע - הקוצר 6,83087.0,166.6,באר שבע,31.214091,34.815029,29/12/2019,SolarEdge,
2743986,פרדס חנה - אלישבע (מרכז פיס),83087.0,46.44,Pardes Hanna-Karkur,32.4777475,34.9796246,28/02/2022,SolarEdge,
3364092,פרדס חנה - בהס כרכור - אולם ספורט,83087.0,93.96,Pardes Hanna-Karkur,32.4763463,34.9905001,01/01/2023,SolarEdge,
3364262,פרדס חנה - בהס כרכור - דרום (חד קומה),83087.0,33.48,Pardes Hanna-Karkur,32.4763463,34.9905001,01/01/2023,SolarEdge,
3364313,פרדס חנה - בהס כרכור - צפון (דו קומה),83087.0,64.26,Pardes Hanna-Karkur,32.4763463,34.9905001,01/01/2023,SolarEdge,
2922788,פרדס חנה - בהס מעיינות,83087.0,109.08,Pardes Hanna-Karkur,32.4817347,34.9881625,01/05/2022,SolarEdge,
3045487,פרדס חנה - בהס מרחבים,83087.0,48.6,Pardes Hanna-Karkur,32.4728028,34.9742001,01/08/2022,SolarEdge,
3292502,פרדס חנה - בהס נועם - מבנה דרום,83087.0,46.98,Pardes Hanna-Karkur,32.4734039,34.9555091,01/11/2022,SolarEdge,
3289787,פרדס חנה - בהס נועם - מבנה צפון,83087.0,30.78,Pardes Hanna-Karkur,32.4728028,34.9742001,25/11/2022,SolarEdge,
3371166,פרדס חנה - בהס שבילים,83087.0,153.9,Pardes Hanna-Karkur,32.4773809,34.9650569,01/01/2023,SolarEdge,
2829106,פרדס חנה - בהס שדות - מבנה A,83087.0,60.48,Pardes Hanna-Karkur,32.4739706,35.0022102,01/04/2022,SolarEdge,
2829097,פרדס חנה - בהס שדות - מבנה B+C,83087.0,90.72,Pardes Hanna-Karkur,32.4739706,35.0022102,01/04/2022,SolarEdge,
2829111,פרדס חנה - בהס שדות - מבנה D,83087.0,59.4,Pardes Hanna-Karkur,32.4739706,35.0022102,01/04/2022,SolarEdge,
3061588,פרדס חנה - בהס שרת - מבנה מזרחי,83087.0,29.16,Pardes Hana-Karkur,32.47338486,34.95446777,01/08/2022,SolarEdge,
3302606,פרדס חנה - בהס שרת - מבנה מערבי,83087.0,48.06,Pardes Hanna-Karkur,32.4665423,34.9580352,01/12/2022,SolarEdge,
2744150,פרדס חנה - מועדון קידום הנוער - אמפי,83087.0,31.32,פרדס חנה כרכור,32.47462096,34.96996421,28/02/2022,SolarEdge,
2733520,פרדס חנה - משרד רווחה,83087.0,47.52,Pardes Hana-Karkur,32.4764051,34.9744205,22/02/2022,SolarEdge,
2480573,צור משה - משק 88 - אייל גבאי,83087.0,25.92,Tzur Moshe,32.298911,34.913117,01/09/2021,SolarEdge,
4554701,קיסריה - אופק 01 - חדש,83087.0,33.21,Caesarea,32.5154686,34.9062798,26/02/2025,SolarEdge,
4554764,קיסריה - אופק 01 - ישן,83087.0,43.05,Caesarea,32.5154686,34.9062798,26/02/2025,SolarEdge,
2894936,קיסריה - אופק 02,83087.0,30.52,Caesarea,32.519016,34.904544,01/05/2022,SolarEdge,
2894865,קיסריה - אופק 03,83087.0,61.04,Caesarea,32.51909475,34.90431154,01/05/2022,SolarEdge,
2894854,קיסריה - אופק 04,83087.0,68.67,Caesarea,32.51914265,34.90431869,01/05/2022,SolarEdge,
3840089,קיסריה - אופק 05,83087.0,198.0,Caesarea,32.4853874,34.950415,01/08/2023,SolarEdge,
4460619,קיסריה - אופק 06 - חדש,83087.0,92.72,Caesarea,32.47719078,34.94721881,01/11/2024,SolarEdge,
4460563,קיסריה - אופק 06 - ישן,83087.0,49.41,Caesarea,32.47722924,34.9472054,01/11/2024,SolarEdge,
2894938,קיסריה - אופק 07,83087.0,121.535,Caesarea,32.519016,34.904544,01/05/2022,SolarEdge,
2894841,קיסריה - אופק 08,83087.0,111.18,Caesarea,32.519016,34.904544,01/05/2022,SolarEdge,
2892899,קיסריה - אופק 10 חדש,83087.0,48.505,Caesarea,32.4854512,34.9469374,13/05/2022,SolarEdge,
2914594,קיסריה - אופק 11 - חניה A - חדר משאבות,83087.0,269.1,Caesarea,32.48482132,34.9489212,29/09/2022,SolarEdge,
3070459,קיסריה - אופק 11 - חניהB - עמדת טעינה,83087.0,133.4,Keisarya,32.484457,34.949488,29/09/2022,SolarEdge,
3070464,קיסריה - אופק 11 - חניהC - מסעדה,83087.0,115.0,Keisarya,32.484457,34.949488,29/09/2022,SolarEdge,
2261496,קיסריה - אופק 12A,83087.0,34.41,Caesarea,32.5190301,34.9045448,19/05/2021,SolarEdge,
2144304,קיסריה - אופק 13 - גרניט,83087.0,109.275,Caesarea,32.4865752,34.9491705,17/03/2021,SolarEdge,
2299399,קיסריה - אופק 14 - גרניט,83087.0,81.375,Caesarea,32.4883168,34.9505468,01/06/2021,SolarEdge,
2113259,קיסריה - אופק 15 - גרניט,83087.0,122.76,Caesarea,32.4883168,34.9505468,01/03/2021,SolarEdge,
4555045,קיסריה - אור ים סנטר - מבנה דרומי,83087.0,93.5,Or Akiva,32.48425568,34.91470132,26/02/2025,SolarEdge,
4555020,קיסריה - אור ים סנטר - מבנה צפוני,83087.0,60.5,Or Akiva,32.4845204,34.9158949,26/02/2025,SolarEdge,
4208193,קיסריה - דקטלון,83087.0,852.93,Caesarea,32.4843212,34.9446754,01/04/2024,SolarEdge,
2063396,קיסריה - השיטה - גלובס,83087.0,265.98,קיסריה,32.47512019,34.9399855,01/01/2021,SolarEdge,
2063403,קיסריה - השיטה - שי מכר,83087.0,181.35,Keisarya,32.4742542,34.9388622,01/01/2021,SolarEdge,
2298145,קיסריה - מרלוג האשל 1,83087.0,265.98,קיסריה,32.4712778,34.9445527,10/06/2021,SolarEdge,
2298182,קיסריה - מרלוג האשל 2,83087.0,265.98,קיסריה,32.4715806,34.9445375,10/06/2021,SolarEdge,
2298288,קיסריה - מרלוג האשל 3,83087.0,265.98,קיסריה,32.4718361,34.944083,10/06/2021,SolarEdge,
2298403,קיסריה - מרלוג האשל 4,83087.0,132.99,קיסריה,32.4718376,34.9442621,10/06/2021,SolarEdge,
3971619,קיסריה - מרלוג החיטה,83087.0,585.2,Caesarea,32.519016,34.904544,01/10/2023,SolarEdge,
1535897,קל וחומר - טירת הכרמל,83087.0,130.305,Tirat Carmel,32.762127,34.97298,01/03/2020,SolarEdge,
1932176,"קל וחומר - כרמיאל - 138 ק""ו הצור 3",83087.0,180.42,Karmiel,32.9244202,35.3384042,24/11/2020,SolarEdge,
1932271,"קל וחומר - כרמיאל - 43 ק""ו הצור 3",83087.0,60.45,כרמיאל,32.9244202,35.3384042,24/11/2020,SolarEdge,
1935974,קל וחומר - כרמיאל - הנפח 21,83087.0,149.73,כרמיאל,32.9234242,35.3256921,26/11/2020,SolarEdge,
1921804,קל וחומר - ערד - מערכת 2,83087.0,65.19,Arad,31.2497401,35.2029879,18/11/2020,SolarEdge,
1229162,קל וחומר - צור יגאל,83087.0,131.765,Kokhav Ya'ir Tzur Yigal,32.2179103,34.9848557,12/08/2019,SolarEdge,
1665527,קל וחומר - צור יגאל 2020,83087.0,43.74,Kokhav Ya'ir Tzur Yigal,32.2177867,34.984851,16/06/2020,SolarEdge,
1169458,קל וחומר - קצרין,83087.0,145.2,Qatsrin,32.988704,35.7116104,27/06/2019,SolarEdge,
1183974,קל וחומר - קרית גת,83087.0,144.78,Kiryat Gat,31.611148,34.768459,09/07/2019,SolarEdge,
1915369,קל וחומר - קרית גת - מערכת 2,83087.0,85.56,קרית גת,31.5930565,34.7806764,15/11/2020,SolarEdge,
2885806,קרן רשי - חיפה - מגדל אור מרכז שיקומי - 1,83087.0,50.76,Haifa,32.81441972,35.06562485,01/05/2022,SolarEdge,
2885828,קרן רשי - חיפה - מגדל אור מרכז שיקומי - 2,83087.0,201.42,Haifa,32.81476912,35.06548538,01/05/2022,SolarEdge,
2885875,קרן רשי - חיפה - מגדל אור מרכז שיקומי - 3,83087.0,45.36,Haifa,32.815105,35.065708,01/05/2022,SolarEdge,
2901233,קר פרי - חולון - מפעל,83087.0,304.47,Holon,32.0120774,34.8070801,24/08/2022,SolarEdge,
1211302,ראשון לציון - בהס אופקים,83087.0,52.325,Rishon LeTsiyon,31.9640967,34.8222769,29/07/2019,SolarEdge,
1098830,ראשון לציון - בהס איתמר,83087.0,63.4,Rishon LeTsiyon,31.9840728,34.7826053,05/05/2019,SolarEdge,
1211308,ראשון לציון - בהס אליאב,83087.0,48.1,Rishon LeTsiyon,31.9846082,34.8057103,29/07/2019,SolarEdge,
1098828,ראשון לציון - בהס אתרים (מיתרים),83087.0,85.14,Rishon LeTsiyon,31.9694226,34.7737988,05/05/2019,SolarEdge,
1211316,ראשון לציון - בהס גימנסיה הריאלית,83087.0,38.35,Rishon LeTsiyon,31.9607996,34.7967647,29/07/2019,SolarEdge,
1100837,ראשון לציון - בהס הראל,83087.0,71.61,Rishon LeTsiyon,31.9631758,34.793001,07/05/2019,SolarEdge,
1098851,ראשון לציון - בהס ויתקין,83087.0,56.76,Rishon LeTsiyon,31.98460207,34.78384827,05/05/2019,SolarEdge,
1211275,ראשון לציון - בהס מישור הנוף,83087.0,77.675,Rishon LeTsiyon,31.951062,34.810727,29/07/2019,SolarEdge,
1234178,ראשון לציון - בהס נווה דקלים,83087.0,69.3,Rishon LeTsiyon,31.9795682,34.7586858,15/08/2019,SolarEdge,
1098841,ראשון לציון - בהס רביבים,83087.0,93.06,Rishon LeTsiyon,31.9660518,34.82161157,05/05/2019,SolarEdge,
1211384,ראשון לציון - בהס רוזן,83087.0,52.0,Rishon LeTsiyon,31.9658527,34.8153414,29/07/2019,SolarEdge,
1211285,ראשון לציון - בהס רמז,83087.0,56.55,Rishon LeTsiyon,31.9568103,34.8243051,29/07/2019,SolarEdge,
1327241,ראשון לציון - מקיף ב,83087.0,88.4,Rishon LeTsiyon,31.9779907,34.7653962,17/10/2019,SolarEdge,
1223129,ראשון לציון - מקיף ג עמית,83087.0,79.06,Rishon LeTsiyon,31.9702294,34.7933436,07/08/2019,SolarEdge,
1098845,ראשון לציון - מקיף ד,83087.0,92.4,Rishon LeTsiyon,31.9568023,34.8032014,05/05/2019,SolarEdge,
1211351,ראשון לציון - מקיף ו,83087.0,65.65,Rishon LeTsiyon,31.9548431,34.8144149,29/07/2019,SolarEdge,
1098837,ראשון לציון - מקיף ט,83087.0,92.4,Rishon LeTsiyon,31.9680159,34.7756739,05/05/2019,SolarEdge,
1098858,ראשון לציון - מקיף יב' - המעיין,83087.0,92.4,Rishon LeTsiyon,31.980553,34.800678,05/05/2019,SolarEdge,
1211320,ראשון לציון - מקיף יג' - טומשין,83087.0,92.745,Rishon LeTsiyon,31.9556109,34.8155032,29/07/2019,SolarEdge,
1098832,ראשון לציון - מקיף י' - חטיבה,83087.0,74.25,Rishon LeTsiyon,31.982231,34.7732823,05/05/2019,SolarEdge,
1211373,ראשון לציון - מקיף י' - תיכון,83087.0,84.5,Rishon LeTsiyon,31.9826311,34.7823752,29/07/2019,SolarEdge,
1875898,ראשון לציון - עירייה,83087.0,35.88,Rishon LeTsiyon,31.9619898,34.8045627,25/10/2020,SolarEdge,
1211263,ראשון לציון - קאנטרי 360,83087.0,51.35,Rishon LeTsiyon,31.980553,34.800678,29/07/2019,SolarEdge,
3310905,רגבה - בית העם חדשה,83087.0,41.58,Regba,32.977493,35.099129,06/12/2022,SolarEdge,
2304096,רחובות - אמית הלל (בנות),83087.0,140.0,Rehovot,31.8907904,34.8226698,01/06/2021,SolarEdge,
2304209,רחובות - בהס אהרון קציר - חטיבה א,83087.0,70.0,Rehovot,31.8936106,34.7960212,01/06/2021,SolarEdge,
2304018,רחובות - בהס אולפנת צביה - דרום,83087.0,28.0,Rehovot,31.88853,34.8138951,01/06/2021,SolarEdge,
2412625,רחובות - בהס אולפנת צביה - צפון,83087.0,16.5,Rehovot,31.88853,34.8138951,01/08/2021,SolarEdge,
2304069,רחובות - בהס אור לציון,83087.0,64.0,Rehovot,31.887921,34.820639,01/06/2021,SolarEdge,
2304139,רחובות - בהס בן צבי,83087.0,61.0,Rehovot,31.88915131,34.80832967,01/06/2021,SolarEdge,
2356240,רחובות - בהס דה-שליט,83087.0,46.0,Rehovot,31.8990926,34.8163742,01/06/2021,SolarEdge,
4705587,רחובות - בהס השיטה - דרום,83087.0,51.045,Rehovot,31.876673,34.8141831,24/08/2025,SolarEdge,
4706356,רחובות - בהס השיטה - צפון,83087.0,82.41,Rehovot,31.8767152,34.8141885,25/08/2025,SolarEdge,
2356257,רחובות - בהס נתיבות משה,83087.0,74.0,Rehovot,31.8833207,34.8089712,01/06/2021,SolarEdge,
2304156,רחובות - בהס סיני,83087.0,64.0,Rehovot,31.8952455,34.8002872,01/06/2021,SolarEdge,
2304174,רחובות - בהס פרחי המדע - גדול,83087.0,88.0,Rehovot,31.8991905,34.8240128,01/06/2021,SolarEdge,
2632571,רחובות - בהס פרחי המדע - קטן,83087.0,34.0,Rehovot,31.9019465,34.8243344,01/12/2021,SolarEdge,
2304299,רחובות - בהס רמת אלון,83087.0,67.0,Rehovot,31.88947016,34.82004433,01/06/2021,SolarEdge,
2626099,רחובות - בהס שזר - דרום מזרח,83087.0,43.0,Rehovot,31.8865445,34.8271921,01/12/2021,SolarEdge,
2626100,רחובות - בהס שזר - דרום מערב,83087.0,32.0,Rehovot,31.8865445,34.8271921,01/12/2021,SolarEdge,
2626091,רחובות - בהס שזר - צפון מזרח,83087.0,34.5,Rehovot,31.8865445,34.8271921,01/12/2021,SolarEdge,
2626097,רחובות - בהס שזר - צפון מערב,83087.0,31.0,Rehovot,31.8865445,34.8271921,01/12/2021,SolarEdge,
3016631,רחובות - מעלות משולם,83087.0,139.32,Rehovot,31.8895773,34.8236509,01/07/2022,SolarEdge,
2626076,רחובות - מתנס פסגה,83087.0,70.0,Rehovot,31.8870616,34.7857099,01/12/2021,SolarEdge,
3016628,רחובות - מתנס קרית משה A,83087.0,59.0,Rehovot,31.889488,34.785729,01/07/2022,SolarEdge,
3016629,רחובות - מתנס קרית משה B,83087.0,47.0,Rehovot,31.889488,34.785729,01/07/2022,SolarEdge,
2626107,רחובות - תיכון היובל,83087.0,280.0,Rehovot,31.888571,34.824902,01/12/2021,SolarEdge,
1830104,ריבוע הכחול - סופר שמשוני - מודיעין,83087.0,68.04,Modi'in-Maccabim-Re'ut,31.91156,35.00149,01/09/2020,SolarEdge,
2273903,רכבת ישראל - באר שבע - מוסך,83087.0,697.035,Be'er Sheva,31.2431575,34.7983725,01/05/2021,SolarEdge,
3756205,רכבת ישראל - בת ים - הקוממיות,83087.0,144.97,Bat Yam,32.0039704,34.7478554,01/06/2023,SolarEdge,
3370584,רכבת ישראל - בת ים - יוספטל,83087.0,148.5,Bat Yam,32.01450707,34.76210646,01/01/2023,SolarEdge,
1881472,רכבת ישראל - חיפה - מוסך,83087.0,699.03,Haifa,32.817234,35.0571782,01/10/2020,SolarEdge,
2151260,רכבת ישראל - חיפה - משרדים,83087.0,90.3,Haifa,32.8066738,35.0106858,22/03/2021,SolarEdge,
4510526,רכבת ישראל - חיפה - קישון - מבנה 4+5,83087.0,56.12,Haifa,32.8110324,35.0521559,01/12/2024,SolarEdge,
4510459,רכבת ישראל - חיפה - קישון - מבנה 7,83087.0,226.31,Haifa,32.8110324,35.0521559,01/12/2024,SolarEdge,
4510135,(רכבת ישראל - חיפה קישון - מבנה חוגונים (מחסן ג,83087.0,197.64,Haifa,32.8110324,35.0521559,01/12/2024,SolarEdge,
4515173,רכבת ישראל - יבנה מערב,83087.0,41.48,Yavne,31.89117269,34.73145554,09/01/2025,SolarEdge,
4570204,רכבת ישראל - לוד - גני אביב,83087.0,46.74,לוד,31.96690447,34.87865003,01/03/2025,SolarEdge,
2719874,רכבת ישראל - לוד - מוסך דד,83087.0,545.4,Lod,31.9452256,34.8750677,01/02/2022,SolarEdge,
2719865,רכבת ישראל - לוד - מוסך צמה,83087.0,89.8,Lod,31.9452256,34.8750677,01/02/2022,SolarEdge,
4038758,רכבת ישראל - לוד - מרכז הדרכה,83087.0,49.5,Lod,31.9399395,34.8704261,01/12/2023,SolarEdge,
4098467,רכבת ישראל - פאתי מודיעין,83087.0,69.12,Modi'in Makabim-Re'ut,31.8935035,34.9607063,01/01/2024,SolarEdge,
4500459,רכבת ישראל - שדרות,83087.0,116.51,שדרות,31.51590999,34.58765239,17/12/2024,SolarEdge,
4486916,רמפלט מתכת - רמלה,83087.0,53.68,Ramla,31.9321501,34.8824472,04/12/2024,SolarEdge,
2533496,רמת הנגב - מרכז הצעירים,83087.0,26.55,Shizaf,31.00451368,34.7666764,01/10/2021,SolarEdge,
2493304,רמת הנגב - תיכון אזורי - מבנה 1,83087.0,37.35,Shizaf,31.0030185,34.7676006,01/10/2021,SolarEdge,
2493307,רמת הנגב - תיכון אזורי - מבנה 2,83087.0,79.2,Shizaf,31.0007712,34.7655431,01/10/2021,SolarEdge,
2493310,רמת הנגב - תיכון אזורי - מבנה 3,83087.0,93.6,Shizaf,31.0030277,34.76761401,01/10/2021,SolarEdge,
2493315,רמת הנגב - תיכון אזורי - מבנה 4,83087.0,77.4,Shizaf,31.0030185,34.7676006,01/10/2021,SolarEdge,
2304420,רמת השרון - בהס אוסישקין,83087.0,59.52,Ramat Hasharon,32.1447379,34.8441107,01/06/2021,SolarEdge,
3216510,רמת השרון - בהס אורנים - אולם ספורט,83087.0,279.04,Ramat Hasharon,32.137143,34.8509954,01/10/2022,SolarEdge,
2304542,רמת השרון - בהס הדר - מבנה A,83087.0,87.42,Ramat Hasharon,32.14093656,34.84141857,01/06/2021,SolarEdge,
2356138,רמת השרון - בהס הדר - מבנה B,83087.0,28.83,Ramat Hasharon,32.1413658,34.841896,01/06/2021,SolarEdge,
2304585,רמת השרון - בהס קלמן,83087.0,47.43,Ramat Hasharon,32.1391002,34.8407653,01/06/2021,SolarEdge,
2304598,רמת השרון - בהס רוטנברג,83087.0,136.245,Ramat Hasharon,32.13456071,34.84354342,01/06/2021,SolarEdge,
2304479,רמת השרון - גן אשכול בוסתן,83087.0,43.245,Ramat Hasharon,32.1425555,34.8332524,01/06/2021,SolarEdge,
2356164,רמת השרון - מתנס קתדרה,83087.0,54.405,Ramat Hasharon,32.1330265,34.8451457,01/06/2021,SolarEdge,
2304634,רמת השרון - קאנטרי,83087.0,46.035,Ramat Hasharon,32.1430527,34.8326431,01/06/2021,SolarEdge,
2290461,רעננה - אשכול גנים - וילנסקי 48,83087.0,41.385,Ra'anana,32.184781,34.871326,05/06/2021,SolarEdge,
2258324,רעננה - בהס אמית רננים,83087.0,231.105,רעננה,32.1947259,34.8648203,18/05/2021,SolarEdge,
2295918,רעננה - בהס מגד,83087.0,85.095,Ra'anana,32.1800209,34.8759223,01/06/2021,SolarEdge,
3767157,רעננה - בהס מיתרים,83087.0,135.54,Ra'anana,32.1930939,34.8684833,01/07/2023,SolarEdge,
2296143,רעננה - בהס נווה זמר A,83087.0,73.47,Ra'anana,32.1934448,34.863779,01/06/2021,SolarEdge,
2318407,רעננה - בהס נווה זמר B,83087.0,30.69,Ra'anana,32.1934516,34.8668537,01/06/2021,SolarEdge,
2295869,רעננה - בהס תלי,83087.0,113.46,Ra'anana,32.1808387,34.8540527,01/06/2021,SolarEdge,
2296185,רעננה - בית נוער צופים,83087.0,67.89,Ra'anana,32.1812366,34.8702917,01/06/2021,SolarEdge,
4564374,רעננה - בית רקפת,83087.0,82.5,Ra'anana,32.19850682,34.88292778,01/03/2025,SolarEdge,
2290394,רעננה - גן וילנסקי 15,83087.0,52.08,Ra'anana,32.184781,34.871326,04/06/2021,SolarEdge,
2295833,רעננה - גן כינור,83087.0,71.61,Ra'anana,32.1952238,34.8619855,01/06/2021,SolarEdge,
4583524,רעננה - גן מחתרות,83087.0,74.88,Ra'anana,32.19016757,34.8608524,31/03/2025,SolarEdge,
3191804,רעננה - גן מניה שוחט - מזרח,83087.0,35.64,רעננה,32.1956914,34.8444276,01/10/2022,SolarEdge,
3191781,רעננה - גן מניה שוחט - מערב,83087.0,18.9,רעננה,32.1956914,34.8444276,01/10/2022,SolarEdge,
3189602,רעננה - גן סייפן - דרום,83087.0,25.92,רעננה,32.191085,34.849395,01/10/2022,SolarEdge,
3189556,רעננה - גן סייפן - צפון,83087.0,31.86,רעננה,32.191085,34.849395,01/10/2022,SolarEdge,
3191689,רעננה - גן עלי מוהר - מזרח,83087.0,35.5,רעננה,32.1958974,34.8694427,01/10/2022,SolarEdge,
3191750,רעננה - גן עלי מוהר - מערב,83087.0,48.0,רעננה,32.1958974,34.8694427,01/10/2022,SolarEdge,
2295858,רעננה - גן פעמונים,83087.0,31.32,רעננה,32.18221131,34.85563609,01/06/2021,SolarEdge,
3356931,רעננה - גן צביה לובטקין - מזרח,83087.0,36.72,Ra'anana,32.1941885,34.8480651,14/11/2023,SolarEdge,
3356950,רעננה - גן צביה לובטקין - מערב,83087.0,19.98,Ra'anana,32.1941885,34.8480651,01/12/2022,SolarEdge,
2295848,רעננה - גן קלרינט,83087.0,41.85,Ra'anana,32.1943742,34.8661277,01/06/2021,SolarEdge,
2296103,רעננה - המרכז לאומנויות,83087.0,42.78,Ra'anana,32.1889777,34.8767705,01/06/2021,SolarEdge,
2295938,רעננה - מרכז יום לקשיש,83087.0,110.205,Ra'anana,32.1890775,34.8681539,01/05/2023,SolarEdge,
2295993,רעננה - מרכז שחיה וספורט,83087.0,87.885,Ra'anana,32.1925621,34.8467919,01/06/2021,SolarEdge,
2556623,שופרסל - באר שבע,83087.0,59.52,Be'er Sheva,31.2726101,34.8105409,07/11/2021,SolarEdge,
2540736,שופרסל - כרמיאל,83087.0,153.3,Karmiel,32.9050636,35.2817726,28/10/2021,SolarEdge,
2666670,שופרסל - מצפה ספיר - תחרותית,83087.0,129.27,Kohav Ya'ir,32.2136763,34.986671,14/01/2022,SolarEdge,
2666820,שופרסל - מצפה ספיר - תעריפית,83087.0,296.205,Kohav Ya'ir,32.2136763,34.986671,14/01/2022,SolarEdge,
2553938,שופרסל - רמלה - תעריפית 1,83087.0,108.81,Ramla,31.9319433,34.8806076,04/11/2021,SolarEdge,
2552049,שופרסל - רמלה - תעריפית 2,83087.0,216.0,Ramla,31.9319433,34.8806076,04/11/2021,SolarEdge,
3744830,תבליני ביטון יוחאי - אדירים,83087.0,115.5,Adirim,32.548941,35.271637,01/06/2023,SolarEdge,
1965374,תוסף - תנובות - ארנה הוקי - מכרזית,83087.0,274.4,Tnuvot,32.31189728,34.96247101,14/12/2020,SolarEdge,
1965427,תוסף - תנובות - הוקי - תעריפית,83087.0,260.4,Tnuvot,32.30586243,34.96258545,14/12/2020,SolarEdge,
2150859,תוסף - תנובות - מפעל מגידיס,83087.0,205.8,תנובות,32.3149135,34.9663371,21/03/2021,SolarEdge,
2417660,תוסף - תנובות - מפעל מגידיס - תעריפית,83087.0,128.16,Tnuvot,32.3131467,34.9627132,17/08/2021,SolarEdge,
4491244,תנובה - אילת - מרלוג,83087.0,374.54,Eilat,29.59934876,34.97300586,01/12/2024,SolarEdge,
4503428,תנובה - חיפה - מרלוג,83087.0,387.96,Haifa,32.8102302,35.0598292,19/12/2024,SolarEdge,
184030,0285 - Doral - Usha - Dining room,150154.0,60.9,Usha,32.796458,35.114584,12/11/2015,SolarEdge,
1122942,0336 - DM - Kfar Hamaccabi - Factory Tomer,150154.0,74.2,Kfar HaMaccabi,32.791804,35.114793,23/05/2019,SolarEdge,
2058323,0460 - Doral - Ohlo Hotel,150154.0,139.32,kinnert,32.71585018,35.57297908,26/01/2021,SolarEdge,
4509854,החברה למשקאות - חיפה - קוקה קולה,180266.0,149.45,Haifa,32.805131,35.053945,31/12/2024,SolarEdge,
4682846,אשדוד - בהס ארזים - PV2,277542.0,48.585,Ashdod,31.79752986,34.64297151,24/07/2025,SolarEdge,
4682842,אשדוד - בהס מקיף ג - PV1+2,277542.0,229.395,Ashdod,31.79789456,34.6398978,24/07/2025,SolarEdge,
4682844,אשדוד - בהס מקיף ג - PV3,277542.0,67.65,Ashdod,31.79818639,34.64025874,24/07/2025,SolarEdge,
4682851,אשדוד - בהס שחר,277542.0,120.54,Ashdod,31.8022534,34.6401608,24/07/2025,SolarEdge,
537509,Amirim,361643.0,633.88,פתח תקווה,32.0692594,34.9166146,01/09/2017,SolarEdge,
2898355,בילו 201,361643.0,109.2,פתח תקווה,32.0692594,34.9166146,17/05/2022,SolarEdge,
2900537,בילו 202,361643.0,109.2,פתח תקווה,32.0692594,34.9166146,18/05/2022,SolarEdge,
2900558,בילו 203,361643.0,109.2,פתח תקווה,32.0692594,34.9166146,18/05/2022,SolarEdge,
2900647,בילו 204,361643.0,109.2,פתח תקווה,32.0692594,34.9166146,18/05/2022,SolarEdge,
2900649,בילו 205,361643.0,109.2,פתח תקווה,32.0692594,34.9166146,18/05/2022,SolarEdge,
2900701,בילו 206,361643.0,109.2,פתח תקווה,32.0692594,34.9166146,18/05/2022,SolarEdge,
2900726,בילו 207,361643.0,109.2,פתח תקווה,32.0692594,34.9166146,18/05/2022,SolarEdge,
2373639,מפורקת-משרד הבטחון - נבטים - צפון - מבנה 10541,361643.0,145.8,Nevatim,31.046051,34.851612,01/06/2021,SolarEdge,
1998353,מפורקת-משרד הבטחון - נבטים - צפון - מבנה 10545,361643.0,468.8,Israel,31.046051,34.851612,29/12/2020,SolarEdge,
1434871,מפורקת-משרד הבטחון - רעים - מבנה 123,361643.0,95.2,Re'im,31.386159,34.458823,22/12/2019,SolarEdge,
2168419,מפורקת - משרד הבטחון - תל נוף - מבנה 933,361643.0,211.41,פתח תקווה,32.0692594,34.9166146,10/03/2021,SolarEdge,
1309849,"מש""ב דרומי,LOG03",361643.0,69.35,משואות יצחק,31.6972219,34.67814947,04/10/2019,SolarEdge,
1309876,"מש""ב דרומי ,YA01-B",361643.0,21.9,משואות יצחק,31.69749826,34.6796875,04/10/2019,SolarEdge,
1690157,"מש""ב דרומי ,YA01-C",361643.0,32.85,משואות יצחק,31.69749826,34.6796875,01/07/2020,SolarEdge,
1690183,"מש""ב דרומי ,YA01-D",361643.0,30.66,משואות יצחק,31.69749826,34.6796875,01/07/2020,SolarEdge,
1690677,"מש""ב דרומי ,YA08-B",361643.0,56.94,משואות יצחק,31.69749826,34.6796875,01/07/2020,SolarEdge,
1690708,"מש""ב דרומי,YA09-B",361643.0,78.11,משואות יצחק,31.6972219,34.67814947,01/07/2020,SolarEdge,
1387172,"מש""ב דרומי YA12A",361643.0,43.8,משואות יצחק,31.69778176,34.67901362,24/11/2019,SolarEdge,
1314981,"מש""ב דרומי , YA12B",361643.0,43.8,משואות יצחק,31.69778176,34.67901362,09/10/2019,SolarEdge,
1387171,"מש""ב דרומי , YA14,",361643.0,43.8,משואות יצחק,31.69778176,34.67901362,24/11/2019,SolarEdge,
1312678,"מש""ב דרומי,YA19A",361643.0,108.77,משואות יצחק,31.69774557,34.67934233,08/10/2019,SolarEdge,
1642455,משרד הבטחון - בהד חיל הים - בהד גג הידרו,361643.0,60.75,Haifa,32.8344147,34.9815285,01/06/2020,SolarEdge,
1642432,משרד הבטחון - בהד חיל הים - גג 304,361643.0,124.74,Haifa,32.8344147,34.9815285,01/06/2020,SolarEdge,
1642443,משרד הבטחון - בהד חיל הים - גג 405,361643.0,106.515,Haifa,32.8344147,34.9815285,01/06/2020,SolarEdge,
1642460,משרד הבטחון - בהד חיל הים - גג מטבח,361643.0,211.005,Haifa,32.83264923,34.98067856,01/06/2020,SolarEdge,
2298318,משרד הבטחון - בקעות - מבנה 70,361643.0,70.2,Beka'ot,32.24207,35.452636,01/06/2021,SolarEdge,
2298333,משרד הבטחון - בקעות - מבנה 75,361643.0,68.04,Beka'ot,32.24207,35.452636,01/06/2021,SolarEdge,
2298343,משרד הבטחון - בקעות - מבנה 76,361643.0,68.04,Beka'ot,32.24207,35.452636,01/06/2021,SolarEdge,
1531453,משרד הבטחון - החותרים - בימל מנועים,361643.0,223.56,טירת הכרמל,32.748096,34.964413,01/03/2020,SolarEdge,
1531402,משרד הבטחון - החותרים - גג 4000,361643.0,447.12,טירת הכרמל,32.748096,34.964413,01/03/2020,SolarEdge,
1531391,משרד הבטחון - החותרים - מחסן מנועים,361643.0,174.225,טירת הכרמל,32.7495729,34.9637924,01/03/2020,SolarEdge,
2916980,משרד הבטחון - חצור - מבנה 974,361643.0,182.28,פתח תקווה,32.0692594,34.9166146,26/05/2022,SolarEdge,
2917170,משרד הבטחון - חצור - מבנה 976,361643.0,239.94,פתח תקווה,32.0692594,34.9166146,26/05/2022,SolarEdge,
2914792,משרד הבטחון - חצור - מבנה דרומי,361643.0,100.44,פתח תקווה,32.0692594,34.9166146,25/05/2022,SolarEdge,
2916964,משרד הבטחון - חצור - מבנה מרכזי,361643.0,100.44,פתח תקווה,32.0692594,34.9166146,26/05/2022,SolarEdge,
2915290,משרד הבטחון - חצור - מבנה צפוני,361643.0,100.44,פתח תקווה,31.7627336,34.7292289,25/05/2022,SolarEdge,
1744242,משרד הבטחון - חצרים - אופקים - מבנה 1476-1482,361643.0,190.4,vvvvvv,31.046051,34.851612,05/08/2020,SolarEdge,
1744258,משרד הבטחון - חצרים - אופקים - מבנה 1477,361643.0,108.8,vvvvvv,31.28785925,34.65654303,05/08/2020,SolarEdge,
1744265,משרד הבטחון - חצרים - אופקים - מבנה 1481,361643.0,160.8,vvvvvv,31.046051,34.851612,05/08/2020,SolarEdge,
1744199,משרד הבטחון - חצרים - אופקים - מבנה 608,361643.0,188.0,22sasd,31.046051,34.851612,05/08/2020,SolarEdge,
1744230,משרד הבטחון - חצרים - אופקים - מבנה 777,361643.0,60.8,vvvvvv,31.046051,34.851612,05/08/2020,SolarEdge,
1744356,משרד הבטחון - חצרים - בש - מבנה 1535-1542,361643.0,193.6,vvvvvv,31.046051,34.851612,05/08/2020,SolarEdge,
1744222,משרד הבטחון - חצרים - בש - מבנה 749-750,361643.0,179.2,vvvvvv,31.046051,34.851612,05/08/2020,SolarEdge,
1771437,משרד הבטחון - מפרשית - בונקר,361643.0,46.92,דרום,30.9065974,34.5219846,01/08/2020,SolarEdge,
1771402,משרד הבטחון - מפרשית - מטבח,361643.0,72.1,דרום,30.9065974,34.5219846,01/08/2020,SolarEdge,
1443954,משרד הבטחון - משגב - מבנה 100 - C1,361643.0,56.0,משגב,32.8693166,35.277681,01/01/2020,SolarEdge,
1443965,משרד הבטחון - משגב - מבנה 101 - C2,361643.0,52.5,משגב,32.8693166,35.277681,01/01/2020,SolarEdge,
1443972,משרד הבטחון - משגב - מבנה 102 - C3,361643.0,56.0,משגב,32.8693166,35.277681,01/01/2020,SolarEdge,
1381037,משרד הבטחון - משגב - מבנה 203 - B1,361643.0,56.0,משגב,32.869003,35.277472,20/11/2019,SolarEdge,
1381030,משרד הבטחון - משגב - מבנה 204 - B2,361643.0,56.0,משגב,32.869003,35.277472,20/11/2019,SolarEdge,
1380841,משרד הבטחון - משגב - מבנה 205 - B3,361643.0,56.0,משגב,32.869003,35.277472,20/11/2019,SolarEdge,
1380780,משרד הבטחון - משגב - מבנה 206 - B4,361643.0,56.0,misgav,32.869003,35.277472,20/11/2019,SolarEdge,
1380793,משרד הבטחון - משגב - מבנה 207 - B5,361643.0,56.0,משגב,32.869003,35.277472,20/11/2019,SolarEdge,
1389566,משרד הבטחון - משגב - מבנה 300 - A1,361643.0,56.0,משגב,32.869003,35.277472,26/11/2019,SolarEdge,
1389580,משרד הבטחון - משגב - מבנה 301 - A2,361643.0,56.0,משגב,32.869003,35.277472,26/11/2019,SolarEdge,
1389585,משרד הבטחון - משגב - מבנה 302 - A3,361643.0,56.0,משגב,32.869003,35.277472,26/11/2019,SolarEdge,
1389601,משרד הבטחון - משגב - מבנה 303 - A4,361643.0,56.0,משגב,32.869003,35.277472,26/11/2019,SolarEdge,
1389608,משרד הבטחון - משגב - מבנה 304 - A5,361643.0,56.0,משגב,32.869003,35.277472,26/11/2019,SolarEdge,
1389611,משרד הבטחון - משגב - מבנה 305 - A6,361643.0,56.0,משגב,32.869003,35.277472,26/11/2019,SolarEdge,
1389572,משרד הבטחון - משגב - מבנה 306 - A7,361643.0,56.0,משגב,32.869003,35.277472,26/11/2019,SolarEdge,
1998341,משרד הבטחון - נבטים - דרום - מבנה 10174,361643.0,716.85,פתח תקווה,32.0692594,34.9166146,29/12/2020,SolarEdge,
2378762,משרד הבטחון - נבטים - דרום - מבנה 10174 תעריפית,361643.0,145.8,nevatim,31.046051,34.851612,01/06/2021,SolarEdge,
2373601,משרד הבטחון - נבטים - צפון - מבנה 10565,361643.0,225.99,Nevatim,31.046051,34.851612,01/06/2021,SolarEdge,
1666173,משרד הבטחון - סיירים - מבנה 120,361643.0,83.49,דרום,29.916455,34.8458369,01/06/2020,SolarEdge,
1666051,"משרד הבטחון - סיירים - מבנה 46,48",361643.0,184.23,דרום,29.916455,34.8458369,01/06/2020,SolarEdge,
1666011,משרד הבטחון - סיירים - מבנה 47,361643.0,87.63,Israel,29.91649405,34.845794,01/06/2020,SolarEdge,
1666222,משרד הבטחון - סיירים - מבנה 90 A,361643.0,66.24,דרום,29.916455,34.8458369,01/06/2020,SolarEdge,
1666234,משרד הבטחון - סיירים - מבנה 90 B,361643.0,69.0,דרום,29.916455,34.8458369,01/06/2020,SolarEdge,
1549115,משרד הבטחון - עובדה - מבנה 337,361643.0,219.8,עובדה,29.952075,34.934344,01/03/2020,SolarEdge,
1549564,משרד הבטחון - עובדה - מבנה 338,361643.0,88.2,עובדה,29.95207405,34.93434525,01/03/2020,SolarEdge,
1549575,משרד הבטחון - עובדה - מבנה 340,361643.0,373.8,עובדה,29.952075,34.934344,01/03/2020,SolarEdge,
1549589,משרד הבטחון - עובדה - מבנה 430,361643.0,163.8,עובדה,29.952075,34.934344,01/03/2020,SolarEdge,
2290235,משרד הבטחון - עין שמר,361643.0,145.6,עין שמר,32.461917,35.00673,04/06/2021,SolarEdge,
2106774,משרד הבטחון - ענתות - חימוש,361643.0,89.28,בית אל,31.818649,35.276543,01/03/2021,SolarEdge,
2106664,משרד הבטחון - ענתות - סככה 01,361643.0,58.59,בית אל,31.818649,35.276543,01/03/2021,SolarEdge,
2106685,משרד הבטחון - ענתות - סככה 03,361643.0,58.59,בית אל,31.818649,35.276543,01/03/2021,SolarEdge,
2106691,משרד הבטחון - ענתות - סככה 05,361643.0,57.66,בית אל,31.818649,35.276543,01/03/2021,SolarEdge,
2106693,משרד הבטחון - ענתות - סככה 06,361643.0,58.59,בית אל,31.818649,35.276543,01/03/2021,SolarEdge,
2106724,משרד הבטחון - ענתות - סככה 10,361643.0,58.59,בית אל,31.818649,35.276543,01/03/2021,SolarEdge,
2106731,משרד הבטחון - ענתות - סככה 12,361643.0,58.59,בית אל,31.818649,35.276543,01/03/2021,SolarEdge,
2106739,משרד הבטחון - ענתות - סככה 14,361643.0,79.98,בית אל,31.818649,35.276543,01/03/2021,SolarEdge,
2106745,משרד הבטחון - ענתות - סככה 15,361643.0,79.98,בית אל,31.818649,35.276543,01/03/2021,SolarEdge,
2106750,משרד הבטחון - ענתות - סככה 17,361643.0,58.59,בית אל,31.818649,35.276543,01/03/2021,SolarEdge,
2106756,משרד הבטחון - ענתות - סככה 18,361643.0,58.59,בית אל,31.818649,35.276543,01/03/2021,SolarEdge,
2106761,משרד הבטחון - ענתות - סככה 19,361643.0,58.59,בית אל,31.818649,35.276543,01/03/2021,SolarEdge,
2106766,משרד הבטחון - ענתות - סככה 21,361643.0,58.59,בית אל,31.818649,35.276543,01/03/2021,SolarEdge,
2106770,משרד הבטחון - ענתות - סככה 23,361643.0,58.59,בית אל,31.818649,35.276543,01/03/2021,SolarEdge,
1642393,משרד הבטחון - עתלית - 451 א,361643.0,429.3,Atlit,32.690875,34.942914,01/06/2020,SolarEdge,
1642416,משרד הבטחון - עתלית - 451 ב,361643.0,223.56,Atlit,32.690875,34.942914,01/06/2020,SolarEdge,
1642427,משרד הבטחון - עתלית - אשד נחלים,361643.0,179.82,עתלית,32.70562361,34.93842177,01/06/2020,SolarEdge,
3104066,משרד הבטחון - פלמחים - דרום - מבנה 507,361643.0,318.06,Palmachim,31.932705,34.706874,01/06/2022,SolarEdge,
2947545,משרד הבטחון - פלמחים - דרום - מבנה 507A,361643.0,143.22,קריית שדה התעופה,31.931705,34.70805,12/06/2022,SolarEdge,
2947560,משרד הבטחון - פלמחים - דרום - מבנה 507B,361643.0,143.22,קריית שדה התעופה,31.931705,34.70805,12/06/2022,SolarEdge,
2948515,משרד הבטחון - פלמחים - צפון - מבנה 409,361643.0,194.37,קריית שדה התעופה,31.931705,34.70805,13/06/2022,SolarEdge,
3104073,משרד הבטחון - פלמחים - צפון - מבנה961,361643.0,301.32,Palmachim,31.9327342,34.7069646,01/06/2022,SolarEdge,
2940038,משרד הבטחון - פלמחים - צפון - מבנה אודיטוריום,361643.0,115.32,קריית שדה התעופה,31.931705,34.70805,08/06/2022,SolarEdge,
2950665,משרד הבטחון - פלמחים - צפון - מבנה להבה 958,361643.0,133.92,קריית שדה התעופה,31.931705,34.70805,14/06/2022,SolarEdge,
2948781,משרד הבטחון - פלמחים - צפון - מבנה תפן 959,361643.0,143.22,Palmachim,31.931705,34.70805,13/06/2022,SolarEdge,
2736757,משרד הבטחון - צאלים - מבנה 485,361643.0,149.04,AAAA,31.046051,34.851612,02/02/2022,SolarEdge,
2738658,משרד הבטחון - צאלים - מבנה 722,361643.0,82.8,aaaa,31.046051,34.851612,01/11/2021,SolarEdge,
2738763,משרד הבטחון - צאלים - מבנה 870,361643.0,50.0,aaaa,31.046051,34.851612,01/11/2021,SolarEdge,
2738822,משרד הבטחון - צאלים - מבנה AFV1,361643.0,43.0,aaa,31.046051,34.851612,01/12/2021,SolarEdge,
2739044,משרד הבטחון - צאלים - מבנה AFV2,361643.0,57.51,Israel,31.046051,34.851612,01/11/2021,SolarEdge,
2739066,משרד הבטחון - צאלים - מבנה AFV3,361643.0,43.0,Israel,31.046051,34.851612,01/12/2021,SolarEdge,
2739092,משרד הבטחון - צאלים - מבנה AFV4,361643.0,43.0,Israel,31.046051,34.851612,01/11/2021,SolarEdge,
1771619,משרד הבטחון - צוקי עובדה - מבנה 111,361643.0,64.4,דרום,29.9541667,34.8916667,01/08/2020,SolarEdge,
1759883,משרד הבטחון - צוקי עובדה - מבנה 383 A,361643.0,48.3,דרום,29.9541667,34.8916667,01/08/2020,SolarEdge,
1759890,משרד הבטחון - צוקי עובדה - מבנה 383 B,361643.0,61.6,דרום,29.9541667,34.8916667,01/08/2020,SolarEdge,
1771602,משרד הבטחון - צוקי עובדה - מבנה 401,361643.0,87.5,דרום,29.9541667,34.8916667,01/08/2020,SolarEdge,
2700061,משרד הבטחון - צוקי עובדה - מבנה מגורים,361643.0,73.44,Tzukei Uvda,30.0308951,34.9444885,01/02/2022,SolarEdge,
2076344,משרד הבטחון - צניפים - הדרכה,361643.0,26.91,Ora,31.752109,35.150165,01/02/2021,SolarEdge,
2076342,משרד הבטחון - צניפים - מטבח,361643.0,32.43,Ora,31.7517334,35.1502036,01/02/2021,SolarEdge,
1656544,משרד הבטחון - קציעות - מבנה 516,361643.0,94.4,Kzi'ot,30.872313,34.467412,10/06/2020,SolarEdge,
1656666,משרד הבטחון - קציעות - מבנה 56,361643.0,60.0,Kzi'ot,30.872313,34.467412,10/06/2020,SolarEdge,
1656608,משרד הבטחון - קציעות - מבנה 57,361643.0,60.0,Kzi'ot,30.872313,34.467412,10/06/2020,SolarEdge,
1656602,משרד הבטחון - קציעות - מבנה 58,361643.0,60.0,Kzi'ot,30.872313,34.467412,10/06/2020,SolarEdge,
1654848,משרד הבטחון - קציעות - מבנה 59,361643.0,60.0,Kzi'ot,30.872313,34.467412,09/06/2020,SolarEdge,
1656598,משרד הבטחון - קציעות - מבנה 60,361643.0,60.0,Kzi'ot,30.872313,34.467412,10/06/2020,SolarEdge,
1656581,משרד הבטחון - קציעות - מבנה 61,361643.0,60.0,Kzi'ot,30.872313,34.467412,10/06/2020,SolarEdge,
1838503,משרד הבטחון - רמת דוד - מבנה אולם ספורט 986,361643.0,81.42,Ramat David,32.678991,35.204036,01/10/2020,SolarEdge,
1838491,משרד הבטחון - רמת דוד - מבנה דתק 14 - 463,361643.0,244.26,Ramat David,32.678991,35.204036,01/10/2020,SolarEdge,
2068603,משרד הבטחון - רמת דוד - מבנה טילים - 448,361643.0,71.4,Ramat David,32.67945607,35.19888079,01/02/2021,SolarEdge,
2068621,משרד הבטחון - רמת דוד - מבנה כבאות - 320,361643.0,59.5,Ramat David,32.67915129,35.2016542,01/02/2021,SolarEdge,
1838487,משרד הבטחון - רמת דוד - מבנה מסוקים - 301,361643.0,140.76,Ramat David,32.678991,35.204036,01/10/2020,SolarEdge,
2068582,משרד הבטחון - רמת דוד - מבנה סככת חימוש - 447,361643.0,39.9,Ramat David,32.67422274,35.18064714,01/02/2021,SolarEdge,
1434873,משרד הבטחון - רעים - מבנה 102,361643.0,48.0,Re'im,31.386159,34.458823,22/12/2019,SolarEdge,
1434872,משרד הבטחון - רעים - מבנה 304,361643.0,48.0,Re'im,31.386159,34.458823,15/12/2019,SolarEdge,
1771537,משרד הבטחון - שיבטה - מבנה 313,361643.0,83.49,דרום,30.924589,34.624416,01/08/2020,SolarEdge,
1771483,משרד הבטחון - שיבטה - מבנה 333,361643.0,176.4,דרום,30.924589,34.624416,01/08/2020,SolarEdge,
1699454,משרד הבטחון - שיזפון - מבנה 251 A,361643.0,70.38,ערבה,30.106083,35.000188,01/07/2020,SolarEdge,
1699411,משרד הבטחון - שיזפון - מבנה 251 B,361643.0,60.03,ערבה,30.106083,35.000188,01/07/2020,SolarEdge,
1699402,משרד הבטחון - שיזפון - מבנה 257,361643.0,127.65,ערבה,30.106083,35.000188,01/07/2020,SolarEdge,
2700108,משרד הבטחון - שיזפון - סככה 263,361643.0,87.48,Shizafon Camp,30.1066063,35.0097093,01/02/2022,SolarEdge,
2700112,משרד הבטחון - שיזפון - סככה 264,361643.0,87.48,Shizafon Camp,30.1066063,35.0097093,01/02/2022,SolarEdge,
2700116,משרד הבטחון - שיזפון - סככה 265,361643.0,87.48,Shizafon Camp,30.1066063,35.0097093,01/02/2022,SolarEdge,
2700086,משרד הבטחון - שיזפון - סככת טנקים,361643.0,108.0,Shizafon Camp,30.1066063,35.0097093,01/02/2022,SolarEdge,
2176866,משרד הבטחון - תל נוף - מבנה 1283,361643.0,79.38,פתח תקווה,32.0692594,34.9166146,04/04/2021,SolarEdge,
1798469,משרד הבטחון - תל נוף - מבנה 553,361643.0,106.92,פתח תקווה,32.0692594,34.9166146,10/09/2020,SolarEdge,
2167994,משרד הבטחון - תל נוף - מבנה 671,361643.0,107.73,פתח תקווה,32.0692594,34.9166146,31/03/2021,SolarEdge,
1798473,משרד הבטחון - תל נוף - מבנה 958,361643.0,233.28,פתח תקווה,32.0692594,34.9166146,10/09/2020,SolarEdge,
2168825,משרד הבטחון - תל נוף - מבנה 984,361643.0,139.32,פתח תקווה,32.0692594,34.9166146,31/03/2021,SolarEdge,
1214599,עיר הבהדים,361643.0,3705.6,מחנה אריאל שרון,31.058585,34.838513,07/03/2018,SolarEdge,
1501036,פלוגות 1210,361643.0,57.6,Ashkelon,31.6525235,34.5516239,18/02/2020,SolarEdge,
1464699,פלוגות 1301,361643.0,100.0,Kiryat Gat,31.625271,34.757996,23/01/2020,SolarEdge,
1464706,פלוגות 1302,361643.0,192.0,Ashkelon,31.6525235,34.5516239,23/01/2020,SolarEdge,
1441709,פלוגות 1304,361643.0,104.0,Ashkelon,31.6525235,34.5516239,07/01/2020,SolarEdge,
1464711,פלוגות 1306,361643.0,174.4,Ashkelon,31.6525235,34.5516239,23/01/2020,SolarEdge,
1464728,פלוגות 1412,361643.0,388.8,Tel Aviv-Yafo,32.049323,34.797051,23/01/2020,SolarEdge,
1441972,פלוגות 1414,361643.0,155.2,"Kiryat Gat, Israel",31.6278175,34.7516176,07/01/2020,SolarEdge,
1464747,פלוגות 1415,361643.0,343.2,Ashkelon,31.6525235,34.5516239,23/01/2020,SolarEdge,
1464754,פלוגות 1416,361643.0,170.4,Ashkelon,31.6525235,34.5516239,23/01/2020,SolarEdge,
1441990,פלוגות 1501,361643.0,115.2,Ashkelon,31.6525235,34.5516239,07/01/2020,SolarEdge,
2257675,שדה תימן בסיס 46,361643.0,140.07,4444,31.28844763,34.722771,18/05/2021,SolarEdge,
2327912,שדה תימן בסיס 700,361643.0,145.08,Be'er Sheva,31.28625588,34.7251705,27/06/2021,SolarEdge,
2900989,"שורה - מבנה 14 מרת""פ",361643.0,220.22,סתריה,31.89707751,34.85455019,18/05/2022,SolarEdge,
2901013,שורה- מבנה 16 מכון רישוי,361643.0,44.59,פתח תקווה,32.0692594,34.9166146,18/05/2022,SolarEdge,
2901037,שורה - מבנה 18 מחסן בינוי,361643.0,55.51,Sitria,31.89726558,34.85665007,18/05/2022,SolarEdge,
2900843,שורה - מבנה 4 מחסן אמון,361643.0,89.18,סיתריה,31.89936579,34.85778114,18/05/2022,SolarEdge,
2900879,"שורה- מבנה 5  מחסן צכ""ל",361643.0,44.59,פתח תקווה,32.0692594,34.9166146,18/05/2022,SolarEdge,
2900937,שורה- מבנה 8 רבנות,361643.0,307.58,פתח תקווה,32.0692594,34.9166146,18/05/2022,SolarEdge,
2268637,דוראל מוניציפל - צור הדסה - בהס צורים,378262.0,133.56,Tzur Hadassah,31.71570062,35.0948386,24/05/2021,SolarEdge,
4795495,דוראל מוניציפל - צור הדסה - גני לבונה,378262.0,60.1,Tzur Hadassah,31.719722,35.0895767,21/12/2025,SolarEdge,
4494411,דוראל מוניציפל - צור הדסה - בהס הדסים,418132.0,279.055,צור הדסה,31.71610776,35.09560153,11/12/2024,SolarEdge,
2286870,דוראל מוניציפל - צור הדסה - בהס לביא,418132.0,145.8,Tzur Hadassah,31.71394997,35.10028436,03/06/2021,SolarEdge,
2233751,דוראל מוניציפל - צור הדסה - תיכון אור,418132.0,280.8,Tzur Hadassah,31.71618626,35.09359854,04/05/2021,SolarEdge,
X86FM,Shatal,,54.81,יבנה,31.901055815999,34.737763085181,2012-11-20,VCOM,electraservice
NTP1A,Eden - Neurim,,43.0,ירושלים,31.759234,35.172702,2011-08-18,VCOM,electraservice
7J251,Eden - Keshet,,54.7,ירושלים,31.7533864,35.2028116,2011-08-11,VCOM,electraservice
5JTR1,Eden - Rotshild mamad,,31.08,ירושלים,31.770859,35.209984,2011-08-28,VCOM,electraservice
C7J2G,Eden - Gimnasia Haivrit - Maabadot,,17.11,ירושלים,31.7774257,35.2125592,2011-09-27,VCOM,electraservice
ZL27J,Eden - Gimnasia Haivrit - Classes,,54.92,ירושלים,31.776767,35.2144777,2013-02-18,VCOM,electraservice
QAQAS,Eden - Nisui,,54.93,ירושלים,31.7799671,35.2188739,2011-10-25,VCOM,electraservice
FR7FH,Dubi Ben Avraham - Bney Atarot,,54.93,bnie atarot,32.0247347,34.9120016,2010-05-23,VCOM,electraservice
Z1PCI,Oz Holander - Moshav Avigdor - SYS 1,,49.96,avigdor,31.711901,34.740369,2010-02-25,VCOM,electraservice
67Q8Y,Oz Holander - Moshav Avigdor - SYS 2 EAST,,51.03,Avigdor,31.711901,34.740369,2025-03-03,VCOM,electraservice
F2ZHX,Aviod - Airport City - Sys 1,,22.25,קרית שדי תעופה,31.996794,34.877521,2011-05-24,VCOM,electraservice
FUUK5,Saar Kimel - Even Yehuda - 1 West,,50.01,אבן יהודה,32.276648,34.885087,2011-11-03,VCOM,electraservice
D9PL3,Saar Kimel - Even Yehuda - 2 East,,50.0,אבן יהודה,32.276648,34.885087,2011-10-27,VCOM,electraservice
6YWTK,Inbar - Yankol,,50.36,KFAR MAAS,32.063511,34.892639,2011-02-01,VCOM,electraservice
M8HEY,Metzer,,496.98,מצר,32.440186,35.047702,2013-05-17,VCOM,electraservice
6MS3S,Alon Tavor - Tosaf New,,612.84,נין,32.634957288623,35.360280275345,2013-12-03,VCOM,electraservice
E6AW7,Tnuvot - Tosaf Factory,,163.88,תנובות,32.313432134698,34.962862730026,2013-12-31,VCOM,electraservice
SDB6X,Regba - Mifal,,629.59,Regba,32.977493,35.099129,2014-03-24,VCOM,electraservice
F797H,Regba - Lul 2 + 4,,274.06,Regba,32.977493,35.099129,2014-04-29,VCOM,electraservice
MEISK,A.Haran - Ashdod,,50.37,אשדוד,31.877958,34.739449,2014-10-13,VCOM,electraservice
A1T78,Galon - Refet - ABCG,,311.27,galon,31.6332795,34.8485472,2015-03-24,VCOM,electraservice
AYX6Z,Hanaton - MoNeto,,400.63,hanaton,32.783051,35.245063,2016-07-06,VCOM,electraservice
6D13G,IDF - Base Ramon,,5040.7,Mahaney Ramon,30.718738136258,34.628036543727,2016-08-22,VCOM,electraservice
ISBR1,Eden - Mekor Haim,,48.72,ירושלים,31.753172952399,35.218329191011,2016-10-19,VCOM,electraservice
WEIIS,Eden - Nitzanim,,54.89,ירושלים,31.779634468974,35.219229340455,2016-10-19,VCOM,electraservice
784MN,Eden - Ramat Shlomo - Beit Yaakov,,52.09,ירושלים,32.305138,34.90093,2016-11-01,VCOM,electraservice
SVA2X,Oz Holander - Moshav Avigdor - 300K,,375.54,אביגדור,31.705580754922,34.740818738937,2016-11-30,VCOM,electraservice
6I1ES,Comba - Hadera,,243.64,Hadera,32.4427692,34.9210618,2017-01-23,VCOM,electraservice
MUFHF,MSKE - Meitarim,,4998.17,Meitarim,31.344254457905,34.947967527551,2017-02-09,VCOM,electraservice
UN45E,Regba - Mahsan Homrei Gelem,,52.77,Regba,32.977493,35.099129,2017-04-09,VCOM,electraservice
MAT88,Regba - Lul 3,,52.89,Regba,32.977493,35.099129,2017-04-09,VCOM,electraservice
ILKJJ,Regba - Olam Sport,,52.89,Regba,32.977493,35.099129,2017-04-09,VCOM,electraservice
NP21Y,Tsvi Landau,,50.17,Hemed,32.020701009378,34.841752097054,2017-12-11,VCOM,electraservice
3ZDKE,Nirim 200kWp,,199.22,Nirim,31.333993581198,34.393024742603,2018-03-26,VCOM,electraservice
N7IAJ,Sun Ophir - Beer Sheva - Park Ofir,,570.66,BEER SHEVA,31.219075517882,34.803551060018,2018-01-27,VCOM,electraservice
Y6Y8Y,Nirim 615 KWp,,615.02,nirim,31.332205280091,34.396462096083,2018-10-04,VCOM,electraservice
G9V3M,Enlight - Kramim New - SolarEdge,,5762.41,kramim,31.327201944467,34.917654159378,2018-11-14,VCOM,electraservice
Z6SMY,MSKE - Dorot,,13.84614,Sderot,31.52,34.61,2018-12-20,VCOM,electraservice
42NC3,MSKE - A Talme Yaffe (North),,5488.46,Talmei Yaffe,31.616,34.618,2018-12-20,VCOM,electraservice
QRMG3,MSKE - A Talme Yaffe (South),,5488.46,talmei yaffe,31.616,34.618,2018-12-20,VCOM,electraservice
AI4DY,0309 - Doral - Regavim,,2137.47,Regavim,32.52717421407319,35.03573222487216,2018-12-24,VCOM,electraservice
YUD5B,Soda Stream - Rahat - Assembling,,699.4,Lehavim,31.378844507895,34.788920784632,2019-02-27,VCOM,electraservice
NAJB1,Galon - Lul - D (8),,126.63,galon,31.633371,34.848898,2019-03-12,VCOM,electraservice
1XQKA,Galon - Lul - B (5),,113.3,galon,31.633371,34.848898,2019-03-13,VCOM,electraservice
17SFL,Galon - Lul - E (3),,56.28,galon,31.633371,34.848898,2019-03-14,VCOM,electraservice
FURVS,Galon - Lul - C (7),,133.67,galon,31.633371,34.848898,2019-03-14,VCOM,electraservice
XIVDJ,Sela Logistica,,393.97,ashdod,31.804381,34.655314,2019-04-01,VCOM,electraservice
XJKBI,Inbar - Poly Zikim - Mendelboim,,617.001396,sderot,31.522694,34.595581,2018-06-19,VCOM,electraservice
ELQRE,Amot - B.Sheva - Palace Industries,,832.54,BEER SHAVE,31.2237868,34.8094517,2019-06-27,VCOM,electraservice
N9FRH,Galon - Pereg - A ,,112.56,galon,31.633371,34.848898,2017-08-01,VCOM,electraservice
4NTHP,Galon - Refet - Eglot F,,140.7,galon,31.633371,34.848898,2017-08-01,VCOM,electraservice
EMUMI,Regba - Refet,,1801.0,Regba,32.977493,35.099129,2018-10-03,VCOM,electraservice
5P5WX,Holis - Alon Tavor,,693.12,afula,32.629970079174,35.364880272435,2019-11-11,VCOM,electraservice
3TJNC,Automatica ,,112.56,kfar saba,32.178195,34.90761,2020-10-08,VCOM,electraservice
UZ1YU,Aviod - Airport City - Sys 2,,140.7,Air Port City,31.9856966,34.9161693,2019-12-04,VCOM,electraservice
8RIZT,Comet at Progress - Shoham,,248.08,shoam,32.0106936,34.9603557,2020-01-06,VCOM,electraservice
ZSGGS,Shalam - Caesarea - System 1,,839.08,Caesarea,32.5129878,34.8963265,2020-01-01,VCOM,electraservice
FZDNM,Arielis,,140.51,Ariel,32.068991208585,34.943082226888,2020-01-01,VCOM,electraservice
HJXDM,Rehitey Doron - Shoham,,149.6,אזור תעשיה ברקן,32.0965,35.12141,2020-01-18,VCOM,electraservice
9VKVU,Karaso - Even Yehuda,,42.21,Even Ehuda,32.2700426,34.8809634,2020-02-03,VCOM,electraservice
TDI5W,Toyota - Rishon Lezion - Campus,,698.56,Rishon LeTsiyon,31.949764896071,34.787506304369,2020-10-27,VCOM,electraservice
ELDP1,Inbar - Oren Zaidman 152,,152.1,Bnei Atarot,32.02147,34.910146,2020-08-01,VCOM,electraservice
W5KTV,Karaso - Maale Adumim,,56.06,Ma'ale Adumim,31.79587006224,35.386782229802,2020-07-24,VCOM,electraservice
E64V1,Hagarin - Yavne,,144.0,Yavne,31.8985263,34.735309,2020-10-29,VCOM,electraservice
EK2MH,Shalam - Caesarea - Mehashmelet,,1593.23,Caesarea ,32.519016,34.904544,2021-01-10,VCOM,electraservice
AWC43,Blue Square - Haifa - Max Stock,,426.88,Haifa,32.8178428,35.0545022,2020-12-01,VCOM,electraservice
J2HAU,Rom Bamot,,129.7,Modi\'in-Maccabim-Re\'ut,31.9131483,34.9660373,2020-01-20,VCOM,electraservice
J2791,Kal Vahomer - Arad Plada 22  - (Enlight),,50.85,Arad,31.258284432563,35.215004280524,2023-08-23,VCOM,electraservice
WA8QJ,Inbar - Poly Zikim - Mendelboim 2,,300.42,sderot,31.5241555,34.5916661,2021-05-13,VCOM,electraservice
9U5CF,Blue Square - Tiberias - Yochananof,,291.78,Tiberias,32.7791922,35.5029054,2022-02-09,VCOM,electraservice
DAPQK,Saar Kimel - Even Yehuda - 3,,73.5,Even Yehuda,32.276648,34.885087,2021-07-25,VCOM,electraservice
6I5TK,Amot - Airport City - Unilever - System 1 - Taarifit,,291.6,Airport city,31.9879816,34.914164,2023-06-07,VCOM,electraservice
P89V6,Musah Manor (Sde Zahav),,130.1,Tel Aviv-Yafo,32.09337,34.78237,2021-08-31,VCOM,electraservice
UTMM1,Enlight - Kramim Old - SMA,,5006.535,Kramim,31.333884591191,34.917869359116,2012-01-01,VCOM,electraservice
91H8G,Enlight - Idan,,2997.43,Idan,30.802577938381,35.297864462963,2013-07-21,VCOM,electraservice
5MW5Q,Stakplast,,652.27,Nofit,31.98752,34.914246,2022-02-11,VCOM,electraservice
YGHVR,Hanaton - 200kWp,,271.57,Hanaton,32.783051,35.245063,2022-01-24,VCOM,electraservice
7LQVN,AEV - Rishon Lezion - MAN,,297.3,ראשון לציון,31.9504234,34.7578523,2022-01-01,VCOM,electraservice
6Y3UP,AEV - Ram Park - Suzuki,,297.3,אזור תעשייה פארק ראם,31.7828335,34.756,2022-01-24,VCOM,electraservice
FJSHT,AEV - Petah Tikva - Garage,,247.74,פתח תקווה,32.092407,34.854626,2022-01-01,VCOM,electraservice
UAH3K,Kibbutz Eyal - Taarifit 200K,,282.96,Kibbutz Eyal,32.209365278202,34.975034713874,2022-03-30,VCOM,electraservice
YTYJU,Kibbutz Eyal - Michrazit,,1978.02,Kibbutz Eyal,32.209365278202,34.975034713874,2022-03-30,VCOM,electraservice
LIMK6,Cham - System 2 - 131kw,,189.0,Nofit,31.98752,34.914246,2022-03-08,VCOM,electraservice
GIXSP,Cham - System 1 - 65kw,,80.24,Nofit,31.98752,34.914246,2022-03-08,VCOM,electraservice
1MICL,Amot - Maalot,,498.42,Ma\'alot-Tarshiha,33.020972,35.2774798,2021-01-01,VCOM,electraservice
BU1J3,Blue Square - Haifa - Max Stock - Sys 1,,268.72,Haifa,32.8178428,35.0545022,2022-04-07,VCOM,electraservice
KCVPI,Blue Square - Haifa - Max Stock - Sys 2,,151.58,haifa,32.8178428,35.0545022,2022-04-07,VCOM,electraservice
UYHR5,Kibbutz Eyal - Michrazit System 1,,960.66,Kibbutz Eyal,32.210711,34.978259,2022-03-30,VCOM,electraservice
192MZ,Kibbutz Eyal - Michrazit System 2,,1008.72,kibbutz eyal,32.210711,34.978259,2022-03-30,VCOM,electraservice
YT9QC,OPC - Azrieli Akko,,444.64,Kiryat Bialik,32.8168105,35.0782935,2022-06-06,VCOM,electraservice
P19WM,Amot - Maalot - North - System צריכה עצמית,,235.98,מעלות,33.015026,35.276017,2023-01-01,VCOM,electraservice
G7F2P,Amot - Maalot - South - System תעריפית,,262.44,מעלות,33.015026,35.276017,2022-07-05,VCOM,electraservice
Z462T,Eden - Yefe Nof,,42.93,Jerusalem,32.0155963,34.8011919,2023-01-01,VCOM,electraservice
3PDQ2,Manofey Avi - Ashdod - (AVIYOD),,311.09,ashdod,31.804381,34.655314,2022-08-17,VCOM,electraservice
PX7U6,Manofey Avi - Lod - (AVIYOD),,255.1,Lod,31.951014,34.888075,2022-08-17,VCOM,electraservice
BAFK9,Manofey Avi - Beer Sheva,,156.99,Beer sheva,31.252973,34.791462,2022-08-17,VCOM,electraservice
KSM95,Inbar - Alef.Yud.Nun Taasiot,,150.4,mevoot gilboa ,31.9879816,34.914164,2022-08-11,VCOM,electraservice
M483P,Amot - Airport City - Unilever,,515.16,Netanya,32.321458,34.853196,2023-06-07,VCOM,electraservice
62E2A,Amot - Airport City - Unilever - System 2 - Default,,223.56,Airport City,31.9879816,34.914164,2023-04-24,VCOM,electraservice
GDCFH,Nirim - Cowshed - A+B - South,,593.04,Nirim,31.33147859121,34.396363100987,2023-01-17,VCOM,electraservice
YFGZ9,Nirim - Cowshed - North,,285.75,Nirim,31.332205280091,34.396462096083,2023-01-17,VCOM,electraservice
8ZA1T,Gaon - Neot Hovav - Middle East Pipes,,2200.56,Ramat Hovav,31.135,34.791,2023-01-15,VCOM,electraservice
3HWCF,Kedma,,308.56,Kedma,31.700221394757,34.775555314612,2023-03-07,VCOM,electraservice
PWIDX,Kal Vahomer - Kazerin (SMA),,145.2,Kazerin,32.994792899420816,35.690858523504346,2023-03-30,VCOM,electraservice
VEUYA,Elections Committee - Shoham,,149.6,Shoham,32.0063382,34.9579788,2023-04-27,VCOM,electraservice
4X9N6,Inbar - Yakum - Gan Hatzav- T022,,46.75,יקום,32.249196,34.841903,2023-05-04,VCOM,electraservice
SN8BR,Inbar - Yakum - Akva - T025,,42.08,יקום,32.249196,34.841903,2023-05-04,VCOM,electraservice
FJNB3,Yakum - Auditorium,,55.84,יקום,32.249196,34.841903,2023-05-21,VCOM,electraservice
5SRV1,Inbar - Yakum - Garage,,55.84,יקום,32.249196,34.841903,2023-05-21,VCOM,electraservice
RDN9T,Inbar - Yakum - AB Golmat,,55.84,יקום,32.249196,34.841903,2023-05-21,VCOM,electraservice
LVZ1B,Inbar - Yakum - Library - T024,,17.85,יקום,32.249196,34.841903,2023-05-04,VCOM,electraservice
KCWSQ,Yakum - Plastiv,,442.81,יקום,32.249196,34.841903,2023-05-23,VCOM,electraservice
8GJP4,Inbar - Yakum - Meltaha New library - T061,,25.93,יקום,32.249196,34.841903,2023-05-04,VCOM,electraservice
GJKT6,Inbar - Yakum - Olam Sport - T020,,32.73,יקום,32.249196,34.841903,2023-05-04,VCOM,electraservice
EPPFJ,Inbar - Yakum - Video Shelter - T021,,25.08,יקום,32.249196,34.841903,2023-05-04,VCOM,electraservice
NJQU9,Inbar - Yakum - Electricity - T023 ,,20.4,יקום,32.249196,34.841903,2023-05-04,VCOM,electraservice
N26UL,Doral - Yakum - Golf Pagoda (0237),,114.46,יקום,32.249196,34.841903,2023-07-24,VCOM,electraservice
65GCZ,Inbar - Yakum - Gas Station T015,,68.85,יקום,32.249196,34.841903,2023-07-26,VCOM,electraservice
AELV2,Inbar - Yakum - Dinning Room,,161.52,יקום,32.249196,34.841903,2023-07-26,VCOM,electraservice
EIUEV,Inbar - Yakum - Gum Technica (T018),,110.88,יקום,32.249196,34.841903,2023-07-26,VCOM,electraservice
GY8BJ,Inbar - Yakum - Merkaz Mazon (T019),,65.03,יקום,32.249196,34.841903,2023-07-26,VCOM,electraservice
XVI9A,Inbar - Yakum - 705_706 (T013),,261.36,יקום,32.249196,34.841903,2023-07-24,VCOM,electraservice
XGRLN,Soda Stream - Rahat,,3406.96,Rahat,31.380758,34.785969,2023-10-12,VCOM,electraservice
8888S,Gaon - Neot Hovav - Middle East Pipes - System 1.1,,573.48,Neot Hovev,31.046051,34.851612,2023-07-23,VCOM,electraservice
QTTMS,Gaon - Neot Hovav - Middle East Pipes - System 1.2,,1233.42,Neot hovev,31.046051,34.851612,2023-07-23,VCOM,electraservice
UKEKM,Gaon - Neot Hovav - Middle East Pipes - Tarifit,,301.86,Neve Hovev,31.046051,34.851612,2023-07-23,VCOM,electraservice
AYCTJ,Tnuva - Bear Tuvia - Machsan Argazim  ,,51.0,kityat malakhi,31.724964869599,34.752083262891,2023-08-20,VCOM,electraservice
YHISQ,Scope - Ram Park - SunGrow,,699.7,Bnei Ayish,31.7679652,34.7552792,2023-09-28,VCOM,electraservice
6AKQ8,Soda Stream - Rahat - Marlog,,1247.5,Rahat,31.380758,34.785969,2024-02-04,VCOM,electraservice
JQQ4D,Soda Stream - Rahat - Metal,,1417.5,Rahat,31.380758,34.785969,2024-02-04,VCOM,electraservice
6BZ5L,Soda Stream - Rahat - Plastic,,838.62,Rahat,31.380758,34.785969,2024-02-04,VCOM,electraservice
RJKB1,Sviva - Neot Hovav - Mihzurit,,660.14,Ramat Hovav,31.135,34.791,2024-04-09,VCOM,electraservice
ULBL9,Holis - Alon Tavor - Trackers,,53.73,Afula,32.6360589,35.3578238,2024-04-09,VCOM,electraservice
RNU8W,Amot - Caesera - Infinya,,51.67,Caesera,32.5154686,34.9062798,2024-06-13,VCOM,electraservice
ZZI8H,Sun Ophir - Nesher,,71.34,0,32.7808389,35.0357116,2024-08-29,VCOM,electraservice
VA81V,Sun Ophir - Haifa,,56.75,0,32.7845656,35.0315966,2024-08-29,VCOM,electraservice
TRWPU,Eden - Tali Gilo,,54.73,jerusalem,31.8068124,35.1657455,2024-09-18,VCOM,electraservice
L4ICU,Eden - Rabin,,26.02,jerusalem,31.768319,35.21371,2024-09-26,VCOM,electraservice
38I59,Eden - Homat Shmuel Har Homa,,55.0,jerusalem,31.7683078,35.2244561,2024-09-29,VCOM,electraservice
WPDX1,SuperBody - Soham - SYS 1,,285.88,SOHAM,32.0054531,34.9556461,2025-01-29,VCOM,electraservice
C2945,Eden - Gonen primary,,50.2,Jerusalem,31.763601214698,35.218063177798,2025-05-12,VCOM,electraservice
VSPZX,Eden - Greenberg,,50.2,Jerusalem,31.76925406466,35.215326211779,2025-05-12,VCOM,electraservice
G6L6T,Eden - Berta Solomon,,54.85,Jerusalem,31.776945819427,35.224518131534,2025-07-16,VCOM,electraservice
6WRNB,Eden - Bait Yaakov - Ohel rachel,,46.46,Jerusalem,31.777235307595,35.215732005159,2025-07-24,VCOM,electraservice
BMBMX,Eden - Dekalim,,54.81,Jerusalem,31.7768831,35.2224346,2024-04-16,VCOM,electraservice
E2NCZ,0015 - Doral - Gesher HaZiv Lul,,54.64,Gesher Haziv,33.04,35.111,2011-03-21,VCOM,ELECTRA - PV
UMZ3X,0016 - Doral - Gesher HaZiv Moadon,,20.0,Gesher Haziv,33.04,35.111,2011-05-05,VCOM,ELECTRA - PV
481EG,0014 - Doral - Gesher HaZiv dining room,,50.09,Gesher Haziv,33.04,35.111,2011-04-28,VCOM,ELECTRA - PV
D721B,0046 - Doral - Ein Gev Restaurant,,54.84,Ein gev,32.783112017479,35.63990264019,2011-06-08,VCOM,ELECTRA - PV
BBMIG,0018 - Doral - Hanita Maskirut,,54.99,Hanita,33.086986193387,35.173038756305,2011-07-20,VCOM,ELECTRA - PV
UCXV6,0045 - Doral - Ein Gev - Lul,,54.07,Ein gev,32.783112017479,35.63990264019,2024-01-21,VCOM,ELECTRA - PV
ETZZG,0042 - Doral - Maale Gilboa - Refet,,109.08,Maale Gilboa,32.476065,35.420637,2012-05-01,VCOM,ELECTRA - PV
4IP8L,0041 - Doral - Maale Gilboa - Lul B,,54.58,Maale Gilboa,32.476065,35.420637,2012-05-01,VCOM,ELECTRA - PV
AM66L,0040 - Doral - Maale Gilboa - Dining Room,,44.12,Maale Gilboa,32.476065,35.420637,2013-02-10,VCOM,ELECTRA - PV
YI5PW,0064 - Doral - Tel Katzir B,,955.490672,Tel Katzir,32.705875260134,35.617611467837,2013-07-07,VCOM,ELECTRA - PV
WYW72,0075 - Doral - Hanaton B,,490.14,Hanaton,32.783051,35.245063,2013-09-01,VCOM,ELECTRA - PV
KP848,0072 - Doral - Revadim - Mifal Zaron - B,,550.19,Revadim,31.773966,34.814807,2013-10-16,VCOM,ELECTRA - PV
FRE83,0065 - Doral - S.D Tefen,,600.33,Tuval,32.928495,35.245675,2013-11-03,VCOM,ELECTRA - PV
P28TC,0067 - Doral - Kfar Haruv B,,1310.2300000000002,Kfar Haruv,32.761085127603,35.663638123284,2013-11-28,VCOM,ELECTRA - PV
9KJSA,0071 - Doral - Kinneret B,,400.35,Kinneret,32.723383396414,35.567833869078,2013-11-28,VCOM,ELECTRA - PV
W1U75,0175 - Doral - Moneto Karmia Refet south Darom,,303.09,Karmia,31.602695,34.540413,2014-10-07,VCOM,ELECTRA - PV
YC42V,Doral - Moneto Karmia Lulim,,54.86,Karmia,31.602695,34.540413,2014-07-01,VCOM,ELECTRA - PV
IYRU9,0028 - Doral (P) - Kfar Haruv GADASH,,35.64,Kfar Haruv,32.760104102332,35.665036673409,2014-08-20,VCOM,ELECTRA - PV
B925V,0062 - Doral (P) - Tel Katzir Lul Small,,56.66,Tel Katzir,32.705,35.614,2014-08-25,VCOM,ELECTRA - PV
W57RH,Doral - Moneto Shomrat,,633.03,Shomrat,32.95148,35.094955,2014-09-04,VCOM,ELECTRA - PV
J4F6V,0198 - Doral - Moneto Kinneret,,623.82,Kinneret,32.723787,35.565242,2014-11-18,VCOM,ELECTRA - PV
TUXCH,Solar power - Jerusalem Schools Project (moria),,892.17,Jerusalem,31.768319,35.21371,2014-11-24,VCOM,ELECTRA - PV
BQBSQ,0182 - Doral - Moneto Kfar Menahem,,440.24,Kfar Menahem,31.732077,34.835079,2015-01-20,VCOM,ELECTRA - PV
7AHGR,Doral - Moneto Lehavot HaBashan,,333.91,Lehavot HaBashan,33.1412178,35.6478714,2015-02-11,VCOM,ELECTRA - PV
7NPXF,Doral - Moneto Revadim,,495.32,Revadim,31.773966,34.814807,2015-04-05,VCOM,ELECTRA - PV
FZPJZ,Doral - Moneto Maale Gilboa,,1539.63,Maale Gilboa,32.476065,35.420637,2015-04-09,VCOM,ELECTRA - PV
CS112,0235 - Doral - Moneto Yesodot - Big Cowshed,,441.75,Yesodot,31.815835,34.865636,2015-06-28,VCOM,ELECTRA - PV
17665,0236 - Doral - Moneto Yesodot - Small Cowshed,,146.55,Yesodot,31.815835,34.865636,2015-06-22,VCOM,ELECTRA - PV
YY8QT,0241 - Doral - Moneto Gezer,,243.19,Gezer,31.876349,34.92111,2015-09-01,VCOM,ELECTRA - PV
KP6QT,0079 - Doral - Maale Gilboa B,,616.53,Maale Gilboa,32.476065,35.420637,2015-11-09,VCOM,ELECTRA - PV
TLJHZ,0242 - Doral - Moneto Neve Eitan,,499.64,Neve Eitan,32.492304,35.533119,2015-10-15,VCOM,ELECTRA - PV
7CCZS,Doral - Moneto Ein Gev,,568.9,Ein Gev,32.783393,35.640119,2015-10-18,VCOM,ELECTRA - PV
UV1N2,Doral - Moneto Regavim,,564.5,Regavim,32.52344,35.033987,2015-10-18,VCOM,ELECTRA - PV
Z3X5F,Doral - Moneto Yagur,,1519.7,Yagur,32.741532,35.076826,2015-03-29,VCOM,ELECTRA - PV
XGZHE,Doral - Nachshon,,439.31,Nachshon,31.831616,34.955986,2015-11-22,VCOM,ELECTRA - PV
6PM8B,Doral - Moneto Lotan - Refet,,242.67,Lotan,29.988690656667,35.086212158203,2016-04-07,VCOM,ELECTRA - PV
1KU5H,0273 - Doral - Moneto Gvulot,,474.0,Gvulot,31.210911220337,34.466300010681,2016-05-08,VCOM,ELECTRA - PV
VMBLK,Doral - Moneto Nachal Oz,,395.31,Nahal Oz,31.472476943668,34.497671127319,2016-07-28,VCOM,ELECTRA - PV
E9T8E,Doral - Moneto Alumim,,636.15,Alumim,31.450371233037,34.511468410492,2016-10-06,VCOM,ELECTRA - PV
8I272,0038 - Doral - Maale Gilboa - Dira 84,,9.86,---------,32.476946795536,35.419138669968,2016-11-01,VCOM,ELECTRA - PV
LAZIA,0037 - Doral - Maale Gilboa - Dira 72,,9.86,-----------,32.475770167306,35.421230792999,2016-11-01,VCOM,ELECTRA - PV
RTJDD,Doral - Moneto HaOgen,,271.86,HaOgen,32.361163158005,34.924314022064,2016-11-08,VCOM,ELECTRA - PV
PGGZN,0295 - Doral - Moneto Megiddo Lulim,,478.54,Megiddo,32.581,35.179,2017-05-25,VCOM,ELECTRA - PV
Y2IVJ,0080 - Doral - Moneto Sasa,,563.0799999999999,Sasa,33.0256226,35.3945561,2017-11-02,VCOM,ELECTRA - PV
L97BN,Doral - Moneto Ein Carmel,,501.06,Ein Carmel,32.6772908,34.9612289,2017-10-16,VCOM,ELECTRA - PV
ACCS6,0284 - Doral - Nes Amim,,54.06,Nes Amim,32.965465,35.121588,2017-11-13,VCOM,ELECTRA - PV
X152Q,Doral - Moneto Ginosar ,,402.81,Ginosar,32.8437869,35.5230958,2018-02-18,VCOM,ELECTRA - PV
PU83R,Doral - Moneto Ein Hahoresh,,1090.82,Ein Hahoresh,31.700101,34.7196815,2018-02-13,VCOM,ELECTRA - PV
2XH1Z,Doral - Moneto Kfar Ruppin 50s,,200.1,Kfar Ruppin,32.458355,35.555275,2018-07-02,VCOM,ELECTRA - PV
4MA1J,0251 - Doral - Moneto Regavim Cow-shed,,329.46,Regavim,32.52344,35.033987,2018-08-15,VCOM,ELECTRA - PV
BLUHS,0252 - Doral - Moneto Hutzot Yagur,,318.24,Yagur,32.741532,35.076826,2018-08-15,VCOM,ELECTRA - PV
K9FNZ,0099 - Doral - Moneto Ein Dor,,572.49,Ein dor,32.6570353,35.4170393,2018-10-09,VCOM,ELECTRA - PV
FXICM,0288 - Doral - Moneto Ginegar,,689.92,Ginegar,32.663419,35.259861,2018-10-21,VCOM,ELECTRA - PV
LK4IJ,0286 - Doral - Moneto Usha,,642.8,Usha,32.794629774898645,35.11649501027908,2018-10-24,VCOM,ELECTRA - PV
JGW5V,0176 - Doral - Moneto Karmia Refet New North tzafon,,400.88,Karmia,31.602695,34.540413,2019-01-23,VCOM,ELECTRA - PV
LBFLI,Doral - Kfar Haruv - Moneto,,680.94,Kfar Haruv,32.761044647969,35.664364708172,2020-12-28,VCOM,ELECTRA - PV
FENYZ,Doral - Moneto Ma'agan,,186.34,Ma'agan,32.706584055876,35.599843712287,2019-04-21,VCOM,ELECTRA - PV
8TKSY,Doral - Meirav 100's,,1121.06,Meirav,32.452041,35.422479,2019-05-18,VCOM,ELECTRA - PV
DV4JC,Doral - Ein Hashofet 100's + HT1,,3763.841416,Ein Hashofet,32.596811,35.100445,2019-06-11,VCOM,ELECTRA - PV
T3ALH,0264 - Doral - Yagur Lageen,,1306.6,Yagur,32.741532,35.076826,2019-07-18,VCOM,ELECTRA - PV
65EFF,Doral - Maoz Haim,,548.04,Maoz haim,32.49407,35.550767,2019-07-16,VCOM,ELECTRA - PV
TBDBX,0243 - Doral - Neve Eitan Pas-Gon,,124.79,Neve Eitan,32.492304,35.533119,2019-08-15,VCOM,ELECTRA - PV
RN2FP,0183 - Doral - Kfar Menahem Pandango,,129.73,Kfar Menahem ,31.732077,34.835079,2019-07-24,VCOM,ELECTRA - PV
2M5A1,0305 - Doral - Moneto Atzmona,,708.13,Ohad,31.251921128325236,34.44535717680389,2019-08-13,VCOM,ELECTRA - PV
5KQC1,DM - Dan 100's,,390.18,dan,33.239637,35.653953,2019-11-14,VCOM,ELECTRA - PV
UF782,Doral - Kinneret 100s,,782.18,kinneret,32.068424,34.824785,2019-12-14,VCOM,ELECTRA - PV
6Q6DU,Doral - Beit Keshet 100's,,437.62,Beit Keshet,32.718446,35.394952,2020-02-20,VCOM,ELECTRA - PV
6JP8F,Doral - Ein Carmel 100's,,107.89,ein carmel,32.677912,34.953676,2020-06-09,VCOM,ELECTRA - PV
BBR96,Doral - Meirav H.T1 cowshed + Lul T,,2630.65,meirav,32.452041,35.422479,2020-12-21,VCOM,ELECTRA - PV
HDCL3,Doral - Kfar Haruv - Refet 200,,291.82,Kfar Haruv,32.762335030923,35.662310074213,2020-12-09,VCOM,ELECTRA - PV
YVDQ4,DM - Hagoshrim,,466.12,HaGoshrim,33.220622719712,35.621697712409,2021-02-11,VCOM,ELECTRA - PV
VK776,DM - Kfar HaMaccabi - Goren Hatzafon,,962.99,Kfar HaMaccabi,32.791804,35.114793,2021-04-25,VCOM,ELECTRA - PV
NSIVC,אלקטרה - רוני אלמליח - סופרטיים (ישרש),,85.53,Yashresh,31.915667,34.847337,2021-04-28,VCOM,ELECTRA - PV
4FZ7A,Doral - Reshafim Lulim,,770.04,Reshafim,32.485114,35.478806,2021-05-11,VCOM,ELECTRA - PV
D4KIT,Doral - Alumim H.G 1,,1094.87,alumim,31.453049,34.514711,2021-06-01,VCOM,ELECTRA - PV
RLRXC,DM - Tel Katzir Lulim,,1080.05,Tel Kazir,32.705875260134,35.617611467837,2021-07-18,VCOM,ELECTRA - PV
3XHEN,Doral - Maale Gilboa Round B,,647.58,Maale gilboa,32.476065,35.420637,2021-06-23,VCOM,ELECTRA - PV
SYSPE,Mei Ami - Lulim,,1146.0,Mei Ami,32.504963,35.146425,2021-07-13,VCOM,ELECTRA - PV
7K96I,0505 - Doral - Ein Gev - Lul 200K,,297.63,Ein Gev,32.783674600848,35.639004687647,2021-08-12,VCOM,ELECTRA - PV
QZAK6,0504 - DM - Kfar Galim - refet,,284.68,kfar galim,32.76615,34.959511,2021-08-12,VCOM,ELECTRA - PV
X2VIM,0244 - Doral - Neve Eitan Refet H.T 1,,361.21,NEVE EITAN,32.492304,35.533119,2021-09-01,VCOM,ELECTRA - PV
8TGQL,0463 - Doral - Ginegar - Mahleva 50,,68.09,Ginegar,32.663419,35.259861,2021-10-13,VCOM,ELECTRA - PV
YAIYJ,Doral - Ginegar Amico 200+430,,866.33,Ginegar,32.663419,35.259861,2021-10-11,VCOM,ELECTRA - PV
9YHFD,0303 - Doral - Beit Keshet - Dining room,,122.5,Beit Keshet,32.718446,35.394952,2020-02-20,VCOM,ELECTRA - PV
4D4FG,0304 - Doral - Beit Keshet - Mifal,,138.61,Beit Keshet,32.718446,35.394952,2020-06-11,VCOM,ELECTRA - PV
8EGQN,Doral - Hokuk Lul External H.A 132KWp,,132.1,Hokuk ,32.878631,35.496654,2019-07-25,VCOM,ELECTRA - PV
TVVPV,Doral - Hokuk Lul External H.B 430KWp,,427.5,Hokuk,32.878631,35.496654,2021-04-29,VCOM,ELECTRA - PV
MLY1B,Doral - Kfar HaMaccabi - T ,,262.63,Kfar HaMaccabi,32.791804,35.114793,2021-04-25,VCOM,ELECTRA - PV
IBUN5,0199 - Doral - Kinneret Lul T MIZRAHI,,128.27,Kinneret ,32.723383396414,35.567833869078,2019-12-14,VCOM,ELECTRA - PV
DBC7A,Doral - Meirav 50 Old Factory - VIR,,55.11,Meirav ,32.452041,35.422479,2014-05-07,VCOM,ELECTRA - PV
Q8QXZ,0289 - Doral - Ein Hahoresh Refet K,,53.625,Ein Hahoresh,31.700101,34.7196815,2018-02-13,VCOM,ELECTRA - PV
E8A6V,0290 - Doral - Ein Hahoresh Refet G,,581.7,Ein Hahoresh,31.700101,34.7196815,2018-02-12,VCOM,ELECTRA - PV
QNKGA,0291 - Doral - Ein Hahoresh Olam Sport,,54.72,Ein Hahoresh,31.700101,34.7196815,2018-02-13,VCOM,ELECTRA - PV
4STBK,0282 - Doral - HaOgen Dining Room,,217.08,HaOgen ,32.361163158005,34.924314022064,2016-11-08,VCOM,ELECTRA - PV
3IG9Q,0283 - Doral - HaOgen Mazcirot,,54.78,HaOgen ,32.361163158005,34.924314022064,2016-11-08,VCOM,ELECTRA - PV
S5I12,0253 - Doral - Yagur Mashtela,,53.98,Yagur ,32.741532,35.076826,2015-03-29,VCOM,ELECTRA - PV
R5DLE,0297 - Doral - Ma'agan Dining Room,,59.67,Ma'agan ,32.706584055876,35.599843712287,2019-04-21,VCOM,ELECTRA - PV
AZQJI,0296 - Doral - Ma'agan Lul Dromi,,126.67,Ma'agan ,32.706584055876,35.599843712287,2019-04-21,VCOM,ELECTRA - PV
CX9VD,0229 - Doral - Lehavot HaBashan Beit Kerur,,36.72,Lehavot HaBashan,33.1412178,35.6478714,2015-02-11,VCOM,ELECTRA - PV
9UHC6,0231 - Doral - Lehavot HaBashan Garage,,43.86,Lehavot HaBashan,33.1412178,35.6478714,2015-02-11,VCOM,ELECTRA - PV
I3PR1,0234 - Doral - Lehavot HaBashan Refet,,54.76,Lehavot HaBashan,33.1412178,35.6478714,2015-02-11,VCOM,ELECTRA - PV
WFZUV,0233 - Doral - Lehavot HaBashan Office,,38.25,Lehavot HaBashan,33.1412178,35.6478714,2015-02-11,VCOM,ELECTRA - PV
A8FZZ,0230 - Doral - Lehavot HaBashan Nagariya (Ex-Lul),,54.78,Lehavot HaBashan,33.1412178,35.6478714,2015-02-11,VCOM,ELECTRA - PV
KER3X,0124 - Doral - Nachshon Lul Storage,,54.92,Nachshon ,31.831616,34.955986,2015-11-22,VCOM,ELECTRA - PV
UUQE4,0125 - Doral - Nachshon Lul 07,,54.92,Nachshon ,31.831616,34.955986,2015-11-22,VCOM,ELECTRA - PV
SDQQB,0121 - Doral - Nachshon Lul 13,,54.92,Nachshon ,31.831616,34.955986,2019-11-22,VCOM,ELECTRA - PV
H5H55,0122 - Doral - Nachshon Lul 12,,54.92,Nachshon ,31.831616,34.955986,2019-11-22,VCOM,ELECTRA - PV
K92J6,0126 - Doral - Nachshon Dir,,54.96,Nachshon ,31.831616,34.955986,2019-11-22,VCOM,ELECTRA - PV
AI6R2,0120 - Doral - Nachshon Lul 03,,54.92,Nachshon ,31.831616,34.955986,2019-11-22,VCOM,ELECTRA - PV
65ZXI,0127 - Doral - Nachshon Taliyot North,,54.92,Nachshon ,31.831616,34.955986,2019-11-22,VCOM,ELECTRA - PV
GHDRU,0123 - Doral - Nachshon Taliyot South,,54.92,Nachshon ,31.831616,34.955986,2019-11-22,VCOM,ELECTRA - PV
DD13A,0265 - Doral - Ein Gev Refet,,253.26,Ein Gev,32.783393,35.640119,2015-10-18,VCOM,ELECTRA - PV
6NVW1,0266 - Doral - Ein Gev Beit Ariza,,54.82,Ein Gev,32.783393,35.640119,2015-10-18,VCOM,ELECTRA - PV
Z1VU8,0267 - Doral - Ein Gev Lul - VIR,,96.39,Ein Gev,32.783393,35.640119,2015-10-18,VCOM,ELECTRA - PV
7P14P,0268 - Doral - Ein Gev Sport,,54.81,Ein Gev,32.783393,35.640119,2015-10-18,VCOM,ELECTRA - PV
BLB25,0269 - Doral - Ein Gev - Masgeria,,54.82,Ein Gev,32.783393,35.640119,2015-10-18,VCOM,ELECTRA - PV
Q3DLM,0270 - Doral - Ein Gev - Milk,,54.82,Ein Gev,32.783393,35.640119,2015-10-18,VCOM,ELECTRA - PV
MEZBG,0203 - Doral - Kinneret Tarbut,,122.74,Kinneret ,32.723787,35.565242,2019-12-14,VCOM,ELECTRA - PV
P88K6,0200 - Doral - Kinneret Garage,,87.72,Kinneret ,32.723383396414,35.567833869078,2019-12-14,VCOM,ELECTRA - PV
W4HYT,0201 - Doral - Kinneret - Tamar Store,,77.7,Kinneret ,32.723383396414,35.567833869078,2019-12-14,VCOM,ELECTRA - PV
MHZHB,0202 - Doral - Kinneret Basketball,,124.87,Kinneret ,32.723383396414,35.567833869078,2019-12-14,VCOM,ELECTRA - PV
JYV65,0205 - Doral - Kinneret Beit Ariza,,95.38,Kinneret ,32.723383396414,35.567833869078,2019-12-14,VCOM,ELECTRA - PV
34YUX,0204 - Doral - Kinneret Refet Darom,,132.1,Kinneret,32.723383396414,35.567833869078,2019-12-14,VCOM,ELECTRA - PV
YARNG,0278 - Doral - Moneto Alumim - Beit Ariza North,,163.92,Alumim ,31.450371233037,34.511468410492,2016-10-06,VCOM,ELECTRA - PV
2Q12Y,0211 - Doral - Moneto Maale Gilboa Gan 1,,19.5,Maale Gilboa,32.476065,35.420637,2020-10-29,VCOM,ELECTRA - PV
QGFLS,0212 - Doral - Moneto Maale Gilboa Gan 2,,19.5,Maale Gilboa,32.476065,35.420637,2020-10-29,VCOM,ELECTRA - PV
Q8YVR,0213 - Doral - Moneto Maale Gilboa Gan 3,,19.5,Maale Gilboa,32.476065,35.420637,2020-10-29,VCOM,ELECTRA - PV
WX6XJ,0214 - Doral - Moneto Maale Gilboa Gan 4,,19.5,Maale Gilboa,32.476065,35.420637,2020-10-29,VCOM,ELECTRA - PV
DL2WS,0215 - Doral - Moneto Maale Gilboa Gan 5,,19.5,Maale Gilboa ,32.476065,35.420637,2020-10-29,VCOM,ELECTRA - PV
EQQVK,0220 - Doral - Moneto Maale Gilboa Beit IMUN,,61.56,Maale Gilboa,32.476065,35.420637,2020-10-29,VCOM,ELECTRA - PV
V5XHL,0217 - Doral - Moneto Maale Gilboa Dir,,132.03,Maale Gilboa,32.476065,35.420637,2020-10-29,VCOM,ELECTRA - PV
3I5NQ,0222 - Doral - Moneto Maale Gilboa Lul Hey,,130.13,Maale Gilboa ,32.476065,35.420637,2020-10-29,VCOM,ELECTRA - PV
KQJHX,0218 - Doral - Moneto Maale Gilboa HULVOT New 132kWp,,132.04,Maale Gilboa,32.476065,35.420637,2020-10-29,VCOM,ELECTRA - PV
9HPA5,0228 - Doral - Moneto Maale Gilboa MAHUN Haliva,,54.92,Maale Gilboa ,32.476065,35.420637,2015-04-09,VCOM,ELECTRA - PV
5BGGC,0219 - Doral - Moneto Maale Gilboa MATBEN,,65.07,Maale Gilboa ,32.476065,35.420637,2020-10-29,VCOM,ELECTRA - PV
WMN39,0226 - Doral - Moneto Maale Gilboa Lul VAV Yashan,,54.93,Maale Gilboa,32.476065,35.420637,2015-04-09,VCOM,ELECTRA - PV
JRR2L,0221 - Doral - Moneto Maale Gilboa Lul VAV Hadash,,65.07,Maale Gilboa,32.476065,35.420637,2020-10-29,VCOM,ELECTRA - PV
9QX2N,0216 - Doral - Moneto Maale Gilboa Gezer,,64.17,Maale Gilboa,32.476065,35.420637,2021-11-15,VCOM,ELECTRA - PV
ALQCZ,0223 - Doral - Moneto Maale Gilboa Lul 5 New Hadash,,130.13,Maale Gilboa,32.476065,35.420637,2020-10-29,VCOM,ELECTRA - PV
8TJXI,0274 - Doral - Moneto Nachal Oz Refet,,202.14,Nachal Oz ,31.472476943668,34.497671127319,2016-07-28,VCOM,ELECTRA - PV
I7E34,0275 - Doral - Moneto Nachal Oz Refet  50,,54.63,Nachal Oz,31.472476943668,34.497671127319,2016-07-28,VCOM,ELECTRA - PV
QV898,0276 - Doral - Moneto Nachal Oz Refet T 100,,138.54,Nachal Oz,31.472476943668,34.497671127319,2020-01-28,VCOM,ELECTRA - PV
LTMR7,0277 - Doral - Moneto Alumim - Organic,,161.58,Alumim ,31.450371233037,34.511468410492,2016-10-06,VCOM,ELECTRA - PV
NLDEU,0279 - Doral - Moneto Alumim - Refet,,310.65,Alumim ,31.450371233037,34.511468410492,2016-10-06,VCOM,ELECTRA - PV
B76ZE,0259 - Doral - Moneto Yagur - Storage Lamed,,119.34,Yagur ,32.741532,35.076826,2019-06-02,VCOM,ELECTRA - PV
HT678,0254 - Repower-Doral - Moneto Yagur - Balagan,,53.98,Yagur ,32.741532,35.076826,2015-03-29,VCOM,ELECTRA - PV
B8ZYN,0255 - Doral - Moneto Yagur - Refet T (50),,54.91,Yagur,32.741532,35.076826,2015-03-29,VCOM,ELECTRA - PV
LAKNQ,0256 - Doral - Moneto Yagur - LUL T (50),,54.92,Yagur ,32.741532,35.076826,2015-03-29,VCOM,ELECTRA - PV
M37NX,0260 - Doral - Moneto Yagur - Gadash Big,,93.84,Yagur ,32.741532,35.076826,2019-06-02,VCOM,ELECTRA - PV
MUAZX,0261 - Doral - Moneto Yagur - Gadash Small Katan,,38.76,Yagur,32.741532,35.076826,2019-06-02,VCOM,ELECTRA - PV
IZETS,0262 - Doral - Moneto Yagur - Refet North T-8,,122.74,Yagur ,32.741532,35.076826,2019-06-02,VCOM,ELECTRA - PV
L8XKE,0263 - Doral - Moneto Yagur - LUL North T-8,,129.2,Yagur ,32.741532,35.076826,2019-06-02,VCOM,ELECTRA - PV
WLMMA,0258 - Doral - Moneto Yagur - LUL South,,232.56,Yagur ,32.741532,35.076826,2019-06-02,VCOM,ELECTRA - PV
ILR8Q,0257 - Doral - Moneto Yagur - Refet Big,,528.23,Yagur ,32.741532,35.076826,2015-03-29,VCOM,ELECTRA - PV
R5JSD,0101 - Doral - Moneto Shomrat - Furniture Factory 3,,30.61,Shomrat ,32.95148,35.094955,2014-09-04,VCOM,ELECTRA - PV
ZFSQW,0506 - Doral - Ein Gev - Refet Yeveshot 80kw,,118.04,kinneret,32.8244321,35.5879975,2021-12-02,VCOM,ELECTRA - PV
2RKX7,0311 - DM - Dan 100s - Factory Center Mifal merkaz T,,130.06,dan,33.239637,35.653953,2019-11-14,VCOM,ELECTRA - PV
L9FXG,0376 - DM - Tuval (Tefen) Cowshed 6 T - 100W,,136.8,Deir al-Asad,32.931299979732,35.24938153547,2021-12-27,VCOM,ELECTRA - PV
DYTHR,0375 - DM - Tuval (Tefen) Cowshed H.T -  430W,,574.0,Deir al-Asad,32.931222907351,35.250227363456,2021-12-27,VCOM,ELECTRA - PV
G1ZH3,0225 - Doral - Moneto Maale Gilboa - LUL 5 old,,50.43, Maale Gilboa,32.476065,35.420637,2020-10-29,VCOM,ELECTRA - PV
1VZL5,0224 - Doral - Moneto Maale Gilboa - LUL 6 New 130KWp,,131.96,Maale Gilboa,32.476065,35.420637,2020-10-29,VCOM,ELECTRA - PV
TFSZU,Doral - Moneto Lehavot HaBashan - Mifal - Factory,,54.78, Lehavot HaBashan,33.1412178,35.6478714,2015-02-11,VCOM,ELECTRA - PV
Z7M6S,0395 - Doral - Alumim H.G 1 - LUL 7 + MATBEN,,529.22,Alumim ,31.453049,34.514711,2021-06-01,VCOM,ELECTRA - PV
W6E6G,0397 - Doral - Alumim H.G 1 Refet,,558.06,Alumim ,31.453049,34.514711,2021-06-01,VCOM,ELECTRA - PV
BQBK7,0404 - Doral - Maale Gilboa Round B - LUL Alef,,145.38,Maale Gilboa,32.478365,35.4183901,2021-06-23,VCOM,ELECTRA - PV
TA5IW,0405 - Doral - Maale Gilboa Round B - LUL b (beit),,101.17,Maale Gilboa,32.478365,35.4183901,2021-06-23,VCOM,ELECTRA - PV
C2QEY,0406 - Doral - Maale Gilboa Round B - LUL Gimel,,131.56,Maale Gilboa,32.476065,35.420637,2021-06-23,VCOM,ELECTRA - PV
ZAU8V,0407 - Doral - Moneto Maale Gilboa - LUL 1,,92.87,Maale Gilboa,32.478365,35.4183901,2020-10-29,VCOM,ELECTRA - PV
AKZXT,0408 - Doral - Moneto Maale Gilboa - LUL 2,,92.87,Maale Gilboa,32.478365,35.4183901,2020-10-29,VCOM,ELECTRA - PV
Z3XJY,0409 - Doral - Moneto Maale Gilboa - LUL 3,,92.87,Maale Gilboa,32.476065,35.420637,2020-10-29,VCOM,ELECTRA - PV
5C72N,0410 - Doral - Moneto Maale Gilboa - LUL 4,,92.87,Maale Gilboa,32.478365,35.4183901,2020-10-29,VCOM,ELECTRA - PV
UB29J,0232 - Doral - Moneto Lehavot HaBashan - New Factory,,54.78,Lehavot HaBashan ,33.1412178,35.6478714,2015-02-11,VCOM,ELECTRA - PV
Z39LM,0061 - Doral - Tel Katzir - Dining Room,,51.47,Tel Kazir,32.704042351407,35.617195226763,2022-02-23,VCOM,ELECTRA - PV
PKPM8,Tirat Zvi (2022),,990.68,Tirat Zvi,32.42065775426892,35.528240650051224,2022-02-02,VCOM,ELECTRA - PV
DCHF1,0411 - Doral - Maale Gilboa Round B - Dir new,,131.56, Maale Gilboa,32.476065,35.420637,2021-06-23,VCOM,ELECTRA - PV
HMW81,0412 - Doral - Maale Gilboa Round B  - Refet Yeveshot,,135.0,Maale Gilboa,32.476065,35.420637,2021-06-23,VCOM,ELECTRA - PV
L6QZB,0031 - Doral - Karmia - Cowshed 50K,,54.22,karmia,31.602695,34.540413,2022-02-23,VCOM,ELECTRA - PV
GZFSB,0480 - Doral - Beit Keshet - Masgeria,,176.61,Beit Keshet ,32.718446,35.394952,2020-02-20,VCOM,ELECTRA - PV
TB2V9,0048 - Doral - Alumim - Gezer (SMA),,50.37,Alumim,31.453049,34.514711,2024-07-22,VCOM,ELECTRA - PV
RNUA2,0030 - Doral - Karmia Kibbutz - Dining Room (SMA),,50.37,Karmiya ,31.602695,34.540413,2022-04-12,VCOM,ELECTRA - PV
LW82C,0006 - Doral - El-Rom - Kibbutz (SMA),,50.45,0,31.046051,34.851612,2022-04-07,VCOM,ELECTRA - PV
4R8B5,0007 - Doral - El-Rom - Lul (SMA),,50.45,elrom,31.046051,34.851612,2022-04-07,VCOM,ELECTRA - PV
SK5IV,0005 - Doral - El-Rom - Studio (SMA),,50.45,el rom,31.046051,34.851612,2022-04-07,VCOM,ELECTRA - PV
HIPIJ,0025 - Doral - Kfar Hamaccabi - Dining room - (SMA),,49.94,Kfar Hamaccabi,32.791804,35.114793,2022-04-12,VCOM,ELECTRA - PV
1F9LD,0026 - Doral - Kfar Hamaccabi - Tomer (SMA),,49.94,Kfar Hamaccabi,32.791804,35.114793,2022-04-12,VCOM,ELECTRA - PV
KYT9M,0036 - Doral - Maale Gilboa - Dira 39 (SMA),,11.81,MaAle Gilboa,32.478365,35.4183901,2022-04-13,VCOM,ELECTRA - PV
67Q2I,0039 - Doral - Maale Gilboa - Sportec (SMA),,48.74,MaAle Gilboa,32.478365,35.4183901,2022-05-16,VCOM,ELECTRA - PV
EZCKK,Doral - Karmia - Lulim (2022),,1192.99,karmia,31.602695,34.540413,2022-03-03,VCOM,ELECTRA - PV
CXNQB,0371 - DM - Hanaton - Cowshed H.T1 - 630K,,824.38,Hanaton,32.785790225194,35.239813246406,2022-03-23,VCOM,ELECTRA - PV
1C61V,0310 - DM - Dan 100s - Factory North Mifal tzfoni T,,130.06,dan,33.23779988985459,35.65362811743306,2021-11-14,VCOM,ELECTRA - PV
BAKWL,0312 - DM - Dan 100s - Factory South Mifal darom T,,130.06,Dan,33.23781862345,35.653771919273,2019-11-14,VCOM,ELECTRA - PV
QM58Z,0348 - DM - Tel Katzir - Lulim 6-7-8 New connection,,687.96,Tel kazir,32.70924266351778,35.62225401093348,2021-07-18,VCOM,ELECTRA - PV
Q2GAB,0349 - DM - Tel Katzir - LUL 5 H.T1,,130.06,Tel Kazir,32.70941304311471,35.62197356125484,2021-07-18,VCOM,ELECTRA - PV
4X6YW,0350  - DM - Tel Katzir - LUL 8 T,,130.06,Tel Katzir,32.709427526549575,35.62204387187956,2021-08-17,VCOM,ELECTRA - PV
EJNAR,0351 - DM - Tel Katzir - LUL 5 T,,130.06,Tel Katzir,32.709562124178625,35.62181439513084,2021-07-18,VCOM,ELECTRA - PV
BC3UG,0414 - DM - Hagoshrim - office,,285.9,Hagoshrim,33.221485,35.623028,2021-02-11,VCOM,ELECTRA - PV
E92XJ,0415 - DM - Hagoshrim - Holiot mizrah,,139.3,Hagoshrim ,33.221485,35.623028,2021-02-11,VCOM,ELECTRA - PV
69B3G,0417 - DM - Kfar HaMaccabi - Goren Hatzafon  T,,262.63,Kfar HaMaccabi,32.791804,35.114793,2021-09-18,VCOM,ELECTRA - PV
Y7KF6,0418 - DM - Kfar HaMaccabi - Goren Hatzafon HG,,700.36,Kfar HaMaccabi,32.791804,35.114793,2021-04-25,VCOM,ELECTRA - PV
Y8BPZ,0486 - DM - Ein Gev - H.T2 - 630K,,877.05,ein gev,32.784777996545,35.647685171856,2022-04-11,VCOM,ELECTRA - PV
WACVT,0249 - Doral - Regavim - Factory,,54.92,Regavim ,32.52344,35.033987,2022-04-18,VCOM,ELECTRA - PV
LDXXC,אלקטרה - להבים - מרכז הפעלה,,15.5,lehavim,31.373835,34.816952,2022-04-27,VCOM,ELECTRA - PV
BI3L4,0180 - REPOWER-Doral - Moneto - Revadim,,440.17,Revadim,31.772032377685,34.816764808756,2015-04-05,VCOM,ELECTRA - PV
JGF16,0495 - Doral - Ginegar - Amico Small 200k,,278.46,Ginegar ,32.663419,35.259861,2021-10-11,VCOM,ELECTRA - PV
BLU44,0496 - Doral - Ginegar - Amico Big 430K,,595.6,Ginegar ,32.663419,35.259861,2021-10-11,VCOM,ELECTRA - PV
7FQPN,0481 - DM - Hagoshrim - Holiot marhav Remont,,40.84,HaGoshrim,33.21870275924759,35.625331691063586,2021-02-11,VCOM,ELECTRA - PV
GIYS5,0250 - Doral - Regavim - Lul T,,54.92,Regavim,32.52255623113,35.03955531868,2015-10-18,VCOM,ELECTRA - PV
3YIJ3,0248 - Doral - Regavim - Refet Coshed T,,54.92,Regavim,32.52595331486187,35.036468933916005,2015-10-18,VCOM,ELECTRA - PV
4CRSY,0247 - Doral - Regavim  - Moneto Lul,,399.75,Regavim,32.52259567326655,35.03939929320195,2015-10-18,VCOM,ELECTRA - PV
PAG1S,0583 - Doral - Ein Gev - Lul North T 90KW ,,183.0,Ein Gev,32.7836514242933,35.63928633812987,2022-07-12,VCOM,ELECTRA - PV
3MGR7,0539 - Doral - Regavim - Cowshed East T,,305.79,Regavim,32.52735764735,35.036446250391,2022-08-09,VCOM,ELECTRA - PV
1EAKM,0540 - Doral - Regavim - Cowshed Center T,,301.43,Regavim,32.52723676481908,35.0358609470223,2022-08-09,VCOM,ELECTRA - PV
Q5MCH,0541 - Doral - Regavim - Cowshed West T,,292.71,Regavim,32.52663878742468,35.03528827160984,2022-08-09,VCOM,ELECTRA - PV
PWY87,0602 - Doral -  Maale Gilboa - Lul Beit Imun South Darom,,183.0,Maale Gilboa,32.478365,35.4183901,2022-08-14,VCOM,ELECTRA - PV
GNZHY,0524 - Doral - Yagur - Cowshed South Dromi,,289.99,Yagur,32.73692848440895,35.08204033107133,2022-08-25,VCOM,ELECTRA - PV
E5JS3,0525 - Doral - Yagur - Fatory Lageen T,,82.85,Yagur,32.74430605093132,35.07579240251161,2022-08-25,VCOM,ELECTRA - PV
D85IQ,Doral - Maale Gilboa Round G,,937.35,maale gilboa,32.476065,35.420637,2022-12-11,VCOM,ELECTRA - PV
YIIFL,0600 - Doral - Maale Gilboa Round G -  Musah Gezer,,105.95, Maale Gilboa,32.476065,35.420637,2023-02-05,VCOM,ELECTRA - PV
GYCD2,0601 - Doral - Maale Gilboa Round G - Musah Gan Yarak,,105.95,Maale Gilboa,32.478365,35.4183901,2023-02-05,VCOM,ELECTRA - PV
F741R,0603 - Doral - Maale Gilboa Round G - Matben,,72.78,Maale Gilboa,32.478365,35.4183901,2023-01-31,VCOM,ELECTRA - PV
SKUZG,0604 - Doral - Maale Gilboa Round G - Lul D,,183.01,Maale Gilboa,32.478365,35.4183901,2023-01-31,VCOM,ELECTRA - PV
LV4CU,0653 - Doral - Ein Gev - Feed Center + Matben,,164.19,Ein Gev,32.782769823187834,35.63964153027816,2022-12-15,VCOM,ELECTRA - PV
CTM16,0033 - Doral - Lehavot HaBashan - Factory (SMA),,50.76,Lehavot haBashan,33.1412178,35.6478714,2023-05-07,VCOM,ELECTRA - PV
7QHKJ,Doral - Tirat Zvi (2023),,976.4,Tirat Zvi,32.422130221323165,35.527478382270246,2023-11-15,VCOM,ELECTRA - PV
7SA2Q,Eden - koah lahershim,,39.38,Jerusalem,31.7681494,35.1787321,2024-01-14,VCOM,ELECTRA - PV
EQFT1,Eden - Beit Noar Ivri,,56.7,Jerusalem,31.7593411,35.2080799,2024-01-16,VCOM,ELECTRA - PV
GSFYF,Doral - Dan 2024 T,,228.905569,dan,33.239637,35.653953,2024-02-14,VCOM,ELECTRA - PV
6E87D,0781 - Doral - Dan - Shikma Baby House,,31.81,dan,33.239637,35.653953,2024-02-15,VCOM,ELECTRA - PV
KC17Z,0782 - Doral - Dan - Gan Hazav,,30.22,dan,33.239637,35.653953,2024-02-15,VCOM,ELECTRA - PV
EAAAM,0784 - Doral - Dan - Laundry building,,24.38,dan,33.239637,35.653953,2024-02-15,VCOM,ELECTRA - PV
QVKB5,0787 - Doral - Dan - Miklat Hamal,,20.14,dan,33.239637,35.653953,2024-02-15,VCOM,ELECTRA - PV
34W4K,0788 - Doral - Dan - Komotaim,,24.38,dan,33.239637,35.653953,2024-02-15,VCOM,ELECTRA - PV
15MPK,0789 - Doral - Dan - Savdan,,66.795019,dan,33.239637,35.653953,2024-02-15,VCOM,ELECTRA - PV
1ZH2U,0794 - Doral - Tel Katzir - Sport Roof,,138.05,Degania Bet,32.700772511172,35.594288928687,2025-01-26,VCOM,ELECTRA - PV
HUX1H,0793 - Doral - Tel Katzir - North Roof,,121.8,Degania Bet,32.69907,35.577551,2025-01-26,VCOM,ELECTRA - PV
1ANKH,0792 - Doral - Tel Katzir - Center Roof,,121.8,Degania Bet,32.69907,35.577551,2025-01-26,VCOM,ELECTRA - PV
L7IPU,0791 - Doral - Tel Katzir - South Roof,,121.8,Degania Bet,32.69907,35.577551,2025-01-26,VCOM,ELECTRA - PV
3IX7L,Doral - Tel Katzir 2025,,503.47,Sha\'ar HaGolan,32.70283357216966,35.59853022683791,2025-01-26,VCOM,ELECTRA - PV
G5NR2,0607 - Doral - Maale Gilboa - Gader BioGaz,,148.98,maale gilboa,32.478365,35.4183901,2025-01-30,VCOM,ELECTRA - PV
V75R9,0605 - Doral- Maale Gilboa - ROOF 1,,130.54,maale gilboa,32.478365,35.4183901,2025-02-26,VCOM,ELECTRA - PV
ZYLCJ,0606 - Doral - Maale Gilboa - Roof2,,146.64,maale gilboa,32.478365,35.4183901,2025-02-27,VCOM,ELECTRA - PV
YQEYT,T278-  Alumim - Beit Ariza private,,143.33,Alumim,31.448432415602,34.512274314073,2025-03-27,VCOM,ELECTRA - PV
LV52H,0387 - Doral - Ein Hahoresh - cowesd (Huawei),,877.6,Ein Hahoresh,32.385871,34.939994,2021-01-01,VCOM,ELECTRA - PV
